days	firstversion	lastversion	file_name	classification
635	v2.6.37	v3.6	arch/blackfin/include/asm/irqflags.h	MissingDead
635	v2.6.37	v3.6	arch/blackfin/include/asm/irqflags.h	MissingDead
635	v2.6.37	v3.6	arch/mips/cavium-octeon/setup.c	MissingDead
635	v2.6.37	v3.6	arch/mips/cavium-octeon/setup.c	MissingDead
635	v2.6.37	v3.6	arch/blackfin/include/asm/ipipe.h	MissingDead
635	v2.6.37	v3.6	arch/blackfin/include/asm/ipipe.h	MissingDead
635	v2.6.37	v3.6	arch/blackfin/include/asm/ipipe.h	MissingDead
635	v2.6.37	v3.6	arch/blackfin/include/asm/ipipe.h	MissingDead
635	v2.6.37	v3.6	arch/blackfin/include/asm/ipipe.h	MissingDead
635	v2.6.37	v3.6	arch/blackfin/lib/ins.S	MissingDead
635	v2.6.37	v3.6	arch/blackfin/lib/ins.S	MissingDead
635	v2.6.37	v3.6	drivers/staging/speakup/serialio.h	MissingUndead
635	v2.6.37	v3.6	arch/blackfin/mach-bf518/boards/ezbrd.c	MissingDead
635	v2.6.37	v3.6	arch/blackfin/mach-bf518/boards/ezbrd.c	MissingDead
635	v2.6.37	v3.6	arch/blackfin/mach-bf518/boards/ezbrd.c	MissingDead
635	v2.6.37	v3.6	arch/blackfin/mach-bf518/boards/ezbrd.c	MissingDead
635	v2.6.37	v3.6	drivers/staging/rtl8192u/ieee80211/internal.h	MissingUndead
635	v2.6.37	v3.6	arch/blackfin/mach-bf527/boards/tll6527m.c	MissingDead
635	v2.6.37	v3.6	arch/blackfin/include/asm/ipipe.h	MissingUndead
635	v2.6.37	v3.6	arch/blackfin/mach-bf527/boards/tll6527m.c	MissingDead
635	v2.6.37	v3.6	arch/blackfin/include/asm/mmu_context.h	MissingUndead
635	v2.6.37	v3.6	arch/mn10300/include/asm/serial.h	MissingUndead
635	v2.6.37	v3.6	arch/mn10300/include/asm/serial.h	MissingUndead
635	v2.6.37	v3.6	arch/powerpc/include/asm/exception-64e.h	MissingUndead
635	v2.6.37	v3.6	arch/powerpc/include/asm/exception-64e.h	MissingUndead
635	v2.6.37	v3.6	drivers/scsi/wd33c93.h	MissingUndead
635	v2.6.37	v3.6	arch/mips/powertv/asic/prealloc.h	MissingUndead
635	v2.6.37	v3.6	arch/mips/powertv/asic/prealloc.h	MissingUndead
635	v2.6.37	v3.6	arch/blackfin/mach-bf527/boards/ezkit.c	MissingDead
635	v2.6.37	v3.6	arch/mips/powertv/asic/prealloc.h	MissingUndead
635	v2.6.37	v3.6	arch/blackfin/mach-bf527/boards/ezkit.c	MissingDead
635	v2.6.37	v3.6	arch/blackfin/include/asm/entry.h	MissingUndead
635	v2.6.37	v3.6	arch/tile/include/asm/pgtable_32.h	MissingUndead
635	v2.6.37	v3.6	arch/um/include/asm/cache.h	MissingUndead
635	v2.6.37	v3.6	arch/um/include/asm/page.h	MissingUndead
635	v2.6.37	v3.6	arch/um/include/asm/pgtable.h	MissingUndead
635	v2.6.37	v3.6	arch/mips/powertv/asic/prealloc.h	MissingUndead
635	v2.6.37	v3.6	arch/arm/plat-mxc/include/mach/mx51.h	MissingUndead
635	v2.6.37	v3.6	arch/x86/include/asm/serial.h	MissingUndead
635	v2.6.37	v3.6	arch/sh/include/cpu-sh4/cpu/mmu_context.h	MissingUndead
635	v2.6.37	v3.6	arch/x86/include/asm/dwarf2.h	MissingUndead
635	v2.6.37	v3.6	arch/mips/cavium-octeon/setup.c	MissingDead
635	v2.6.37	v3.6	arch/mips/cavium-octeon/setup.c	MissingDead
635	v2.6.37	v3.6	arch/mips/cavium-octeon/setup.c	MissingDead
635	v2.6.37	v3.6	arch/arm/mach-omap1/pm.c	MissingDead
635	v2.6.37	v3.6	arch/arm/mach-omap1/board-sx1.c	MissingDead
635	v2.6.37	v3.6	arch/arm/mach-omap2/board-omap3stalker.c	MissingDead
635	v2.6.37	v3.6	arch/arm/mach-omap2/board-omap3stalker.c	MissingDead
635	v2.6.37	v3.6	arch/arm/mm/proc-arm925.S	MissingDead
635	v2.6.37	v3.6	arch/mips/cavium-octeon/setup.c	MissingDead
635	v2.6.37	v3.6	arch/mips/cavium-octeon/setup.c	MissingDead
635	v2.6.37	v3.6	arch/mips/cavium-octeon/setup.c	MissingDead
635	v2.6.37	v3.6	drivers/staging/rtl8192u/ieee80211/ieee80211_rx.c	MissingDead
635	v2.6.37	v3.6	drivers/staging/rtl8192u/ieee80211/ieee80211_rx.c	MissingDead
635	v2.6.37	v3.6	drivers/staging/rtl8192u/ieee80211/ieee80211_rx.c	MissingDead
635	v2.6.37	v3.6	drivers/staging/rtl8192u/r8192U_core.c	MissingDead
635	v2.6.37	v3.6	arch/cris/arch-v10/kernel/head.S	MissingDead
635	v2.6.37	v3.6	arch/cris/arch-v32/kernel/irq.c	MissingDead
635	v2.6.37	v3.6	drivers/staging/rtl8192u/r8192U_core.c	MissingDead
635	v2.6.37	v3.6	drivers/staging/rtl8192u/r8192U_core.c	MissingDead
635	v2.6.37	v3.6	drivers/staging/speakup/serialio.h	MissingDead
635	v2.6.37	v3.6	drivers/staging/rtl8187se/ieee80211/ieee80211.h	MissingDead
635	v2.6.37	v3.6	drivers/staging/rtl8187se/ieee80211/ieee80211_rx.c	MissingDead
635	v2.6.37	v3.6	drivers/staging/rtl8187se/ieee80211/ieee80211_rx.c	MissingDead
635	v2.6.37	v3.6	drivers/staging/rtl8187se/ieee80211/ieee80211_rx.c	MissingDead
635	v2.6.37	v3.6	drivers/staging/rtl8187se/ieee80211/ieee80211_rx.c	MissingDead
635	v2.6.37	v3.6	drivers/staging/rtl8187se/ieee80211/ieee80211_rx.c	MissingDead
635	v2.6.37	v3.6	drivers/staging/rtl8187se/ieee80211/ieee80211_rx.c	MissingDead
635	v2.6.37	v3.6	drivers/staging/rtl8187se/ieee80211/ieee80211_rx.c	MissingDead
635	v2.6.37	v3.6	drivers/staging/rtl8187se/ieee80211/ieee80211_rx.c	MissingDead
635	v2.6.37	v3.6	drivers/staging/rtl8187se/ieee80211/ieee80211_rx.c	MissingDead
635	v2.6.37	v3.6	arch/cris/arch-v32/kernel/debugport.c	MissingDead
635	v2.6.37	v3.6	arch/cris/include/asm/eshlibld.h	MissingDead
635	v2.6.37	v3.6	drivers/staging/rtl8187se/ieee80211/ieee80211_rx.c	MissingDead
635	v2.6.37	v3.6	arch/blackfin/mach-bf537/boards/stamp.c	MissingDead
635	v2.6.37	v3.6	arch/blackfin/mach-bf537/boards/stamp.c	MissingDead
635	v2.6.37	v3.6	arch/blackfin/mach-bf537/boards/stamp.c	MissingDead
635	v2.6.37	v3.6	arch/blackfin/mach-bf537/boards/stamp.c	MissingDead
635	v2.6.37	v3.6	arch/blackfin/mach-bf537/boards/stamp.c	MissingDead
635	v2.6.37	v3.6	fs/nilfs2/nilfs.h	MissingDead
635	v2.6.37	v3.6	fs/nilfs2/nilfs.h	MissingDead
635	v2.6.37	v3.6	kernel/debug/kdb/kdb_main.c	MissingDead
635	v2.6.37	v3.6	include/linux/com20020.h	MissingDead
635	v2.6.37	v3.6	arch/cris/include/asm/eshlibld.h	MissingUndead
635	v2.6.37	v3.6	drivers/pcmcia/m8xx_pcmcia.c	MissingDead
635	v2.6.37	v3.6	drivers/pcmcia/m8xx_pcmcia.c	MissingDead
635	v2.6.37	v3.6	drivers/pcmcia/m8xx_pcmcia.c	MissingDead
635	v2.6.37	v3.6	drivers/pcmcia/m8xx_pcmcia.c	MissingDead
635	v2.6.37	v3.6	drivers/pcmcia/m8xx_pcmcia.c	MissingDead
635	v2.6.37	v3.6	drivers/pcmcia/m8xx_pcmcia.c	MissingDead
635	v2.6.37	v3.6	drivers/pcmcia/m8xx_pcmcia.c	MissingDead
635	v2.6.37	v3.6	drivers/pcmcia/m32r_pcc.c	MissingDead
635	v2.6.37	v3.6	arch/blackfin/mach-bf537/boards/stamp.c	MissingDead
635	v2.6.37	v3.6	drivers/scsi/ncr53c8xx.h	MissingDead
635	v2.6.37	v3.6	drivers/scsi/ncr53c8xx.h	MissingDead
635	v2.6.37	v3.6	drivers/scsi/ncr53c8xx.h	MissingDead
635	v2.6.37	v3.6	drivers/scsi/ncr53c8xx.h	MissingDead
635	v2.6.37	v3.6	drivers/scsi/ncr53c8xx.h	MissingDead
635	v2.6.37	v3.6	drivers/scsi/ncr53c8xx.h	MissingDead
635	v2.6.37	v3.6	drivers/scsi/ncr53c8xx.h	MissingDead
635	v2.6.37	v3.6	drivers/scsi/ncr53c8xx.h	MissingDead
635	v2.6.37	v3.6	drivers/scsi/wd33c93.c	MissingDead
635	v2.6.37	v3.6	drivers/scsi/wd33c93.h	MissingDead
635	v2.6.37	v3.6	drivers/scsi/dc395x.c	MissingDead
635	v2.6.37	v3.6	drivers/scsi/ncr53c8xx.c	MissingDead
635	v2.6.37	v3.6	drivers/scsi/aic7xxx/aic7xxx_osm.c	MissingDead
635	v2.6.37	v3.6	drivers/mmc/host/msm_sdcc.c	MissingDead
635	v2.6.37	v3.6	arch/blackfin/mach-bf537/boards/stamp.c	MissingDead
635	v2.6.37	v3.6	drivers/message/fusion/mptbase.h	MissingDead
635	v2.6.37	v3.6	drivers/message/fusion/mptbase.h	MissingDead
635	v2.6.37	v3.6	drivers/message/fusion/mptbase.h	MissingDead
635	v2.6.37	v3.6	drivers/message/fusion/mptbase.h	MissingDead
635	v2.6.37	v3.6	arch/blackfin/mach-bf537/boards/stamp.c	MissingDead
635	v2.6.37	v3.6	arch/blackfin/mach-bf537/boards/stamp.c	MissingDead
635	v2.6.37	v3.6	arch/blackfin/mach-common/ints-priority.c	MissingDead
635	v2.6.37	v3.6	arch/blackfin/mach-common/ints-priority.c	MissingDead
635	v2.6.37	v3.6	arch/blackfin/mach-common/ints-priority.c	MissingDead
635	v2.6.37	v3.6	arch/blackfin/mach-common/ints-priority.c	MissingDead
635	v2.6.37	v3.6	arch/blackfin/mach-bf527/boards/tll6527m.c	MissingDead
635	v2.6.37	v3.6	arch/blackfin/include/asm/entry.h	MissingDead
635	v2.6.37	v3.6	arch/blackfin/include/asm/mmu_context.h	MissingDead
635	v2.6.37	v3.6	arch/blackfin/include/asm/irqflags.h	MissingDead
635	v2.6.37	v3.6	arch/xtensa/kernel/traps.c	MissingUndead
635	v2.6.37	v3.6	arch/xtensa/kernel/traps.c	MissingUndead
635	v2.6.37	v3.6	arch/blackfin/mach-bf527/boards/ezkit.c	MissingDead
635	v2.6.37	v3.6	drivers/scsi/ncr53c8xx.h	MissingUndead
635	v2.6.37	v3.6	drivers/scsi/ncr53c8xx.h	MissingUndead
635	v2.6.37	v3.6	drivers/scsi/ncr53c8xx.h	MissingUndead
635	v2.6.37	v3.6	drivers/scsi/ncr53c8xx.h	MissingUndead
635	v2.6.37	v3.6	drivers/scsi/ncr53c8xx.h	MissingUndead
635	v2.6.37	v3.6	include/linux/com20020.h	MissingUndead
635	v2.6.37	v3.6	fs/nilfs2/nilfs.h	MissingUndead
635	v2.6.37	v3.6	arch/mips/include/asm/sn/addrs.h	MissingDead
635	v2.6.37	v3.6	arch/mips/powertv/asic/prealloc.h	MissingDead
635	v2.6.37	v3.6	arch/mips/powertv/asic/prealloc.h	MissingDead
635	v2.6.37	v3.6	arch/mips/powertv/asic/prealloc.h	MissingDead
635	v2.6.37	v3.6	arch/mips/powertv/asic/prealloc.h	MissingDead
635	v2.6.37	v3.6	arch/mips/pmc-sierra/msp71xx/msp_setup.c	MissingDead
635	v2.6.37	v3.6	arch/mips/pmc-sierra/yosemite/irq.c	MissingDead
635	v2.6.37	v3.6	arch/powerpc/mm/tlb_low_64e.S	MissingDead
635	v2.6.37	v3.6	arch/powerpc/include/asm/exception-64e.h	MissingDead
635	v2.6.37	v3.6	arch/powerpc/include/asm/exception-64e.h	MissingDead
635	v2.6.37	v3.6	arch/powerpc/lib/sstep.c	MissingDead
635	v2.6.37	v3.6	drivers/message/fusion/mptbase.h	MissingUndead
635	v2.6.37	v3.6	arch/powerpc/kernel/time.c	MissingDead
635	v2.6.37	v3.6	arch/um/include/asm/cache.h	MissingDead
635	v2.6.37	v3.6	arch/powerpc/kernel/head_40x.S	MissingDead
635	v2.6.37	v3.6	arch/powerpc/platforms/83xx/mpc836x_mds.c	MissingDead
635	v2.6.37	v3.6	arch/powerpc/platforms/83xx/mpc836x_mds.c	MissingDead
635	v2.6.37	v3.6	arch/mn10300/include/asm/serial.h	MissingDead
635	v2.6.37	v3.6	arch/x86/include/asm/serial.h	MissingDead
635	v2.6.37	v3.6	arch/x86/include/asm/dwarf2.h	MissingDead
635	v2.6.37	v3.6	arch/mn10300/include/asm/serial.h	MissingDead
635	v2.6.37	v3.6	arch/h8300/platform/h8300h/generic/crt0_ram.S	MissingDead
635	v2.6.37	v3.6	arch/mn10300/kernel/gdb-stub.c	MissingDead
635	v2.6.37	v3.6	arch/mn10300/kernel/gdb-stub.c	MissingDead
635	v2.6.37	v3.6	arch/mn10300/kernel/smp.c	MissingDead
635	v2.6.37	v3.6	arch/mn10300/kernel/mn10300-serial.c	MissingDead
635	v2.6.37	v3.6	arch/mn10300/kernel/mn10300-serial.c	MissingDead
635	v2.6.37	v3.6	arch/mn10300/kernel/head.S	MissingDead
635	v2.6.37	v3.6	arch/microblaze/kernel/setup.c	MissingDead
635	v2.6.37	v3.6	arch/xtensa/kernel/traps.c	MissingDead
635	v2.6.37	v3.6	arch/ia64/kernel/head.S	MissingDead
635	v2.6.37	v3.6	arch/ia64/include/asm/native/inst.h	MissingDead
635	v2.6.37	v3.6	arch/sh/include/cpu-sh4/cpu/mmu_context.h	MissingDead
635	v2.6.37	v3.6	arch/um/include/asm/page.h	MissingDead
635	v2.6.37	v3.6	drivers/media/video/davinci/dm644x_ccdc.c	MissingDead
635	v2.6.37	v3.6	drivers/media/dvb/frontends/dib0070.c	MissingDead
635	v2.6.37	v3.6	arch/um/include/asm/cache.h	MissingDead
635	v2.6.37	v3.6	arch/um/include/asm/pgtable.h	MissingDead
635	v2.6.37	v3.6	arch/um/drivers/chan_kern.c	MissingDead
635	v2.6.37	v3.6	arch/um/drivers/chan_kern.c	MissingDead
635	v2.6.37	v3.6	net/irda/irlap_event.c	MissingDead
635	v2.6.37	v3.6	net/irda/irlap_event.c	MissingDead
635	v2.6.37	v3.6	arch/um/drivers/chan_kern.c	MissingDead
635	v2.6.37	v3.6	arch/um/drivers/chan_kern.c	MissingDead
635	v2.6.37	v3.6	arch/um/drivers/chan_kern.c	MissingDead
635	v2.6.37	v3.6	arch/um/drivers/chan_kern.c	MissingDead
635	v2.6.37	v3.6	arch/um/drivers/ubd_kern.c	MissingDead
635	v2.6.37	v3.6	arch/tile/include/asm/pgtable_32.h	MissingDead
635	v2.6.37	v3.6	arch/tile/mm/init.c	MissingDead
635	v2.6.37	v3.6	arch/blackfin/kernel/traps.c	MissingDead
635	v2.6.37	v3.6	arch/blackfin/kernel/traps.c	MissingDead
635	v2.6.37	v3.6	arch/blackfin/kernel/time.c	MissingDead
635	v2.6.37	v3.6	arch/blackfin/kernel/time.c	MissingDead
635	v2.6.37	v3.6	arch/blackfin/kernel/time.c	MissingDead
635	v2.6.37	v3.6	drivers/misc/sgi-xp/xp_uv.c	MissingDead
635	v2.6.37	v3.6	net/irda/irlap_event.c	MissingDead
635	v2.6.37	v3.6	net/irda/qos.c	MissingDead
635	v2.6.37	v3.6	drivers/misc/sgi-xp/xp_uv.c	MissingDead
635	v2.6.37	v3.6	drivers/misc/sgi-xp/xp_uv.c	MissingDead
635	v2.6.37	v3.6	drivers/misc/sgi-xp/xpc_uv.c	MissingDead
635	v2.6.37	v3.6	sound/isa/gus/interwave.c	MissingDead
635	v2.6.37	v3.6	sound/isa/gus/interwave.c	MissingDead
635	v2.6.37	v3.6	sound/soc/davinci/davinci-sffsdr.c	MissingDead
635	v2.6.37	v3.6	drivers/misc/sgi-xp/xpc_uv.c	MissingDead
635	v2.6.37	v3.6	drivers/misc/sgi-xp/xpc_uv.c	MissingDead
635	v2.6.37	v3.6	drivers/misc/sgi-xp/xpc_uv.c	MissingDead
635	v2.6.37	v3.6	drivers/misc/sgi-xp/xpc_uv.c	MissingDead
635	v2.6.37	v3.6	sound/soc/davinci/davinci-sffsdr.c	MissingDead
635	v2.6.37	v3.6	drivers/misc/sgi-xp/xpc_uv.c	MissingDead
635	v2.6.37	v3.6	drivers/net/caif/caif_spi.c	MissingDead
635	v2.6.37	v3.6	drivers/net/wireless/libertas/if_usb.c	MissingDead
635	v2.6.37	v3.6	drivers/net/wireless/libertas/if_usb.c	MissingDead
635	v2.6.37	v3.6	drivers/net/wireless/libertas/if_usb.c	MissingDead
635	v2.6.37	v3.6	drivers/net/wireless/libertas/if_usb.c	MissingDead
635	v2.6.37	v3.6	arch/cris/arch-v10/mm/init.c	MissingDead
635	v2.6.37	v3.6	drivers/staging/rtl8187se/ieee80211/ieee80211.h	MissingUndead
635	v2.6.37	v3.6	arch/blackfin/kernel/time.c	MissingDead
635	v2.6.37	v3.6	arch/cris/arch-v10/mm/init.c	MissingDead
635	v2.6.37	v3.6	arch/cris/arch-v10/kernel/head.S	MissingDead
635	v2.6.37	v3.6	arch/blackfin/kernel/irqchip.c	MissingDead
635	v2.6.37	v3.6	arch/cris/arch-v10/kernel/head.S	MissingDead
635	v2.6.37	v3.6	arch/blackfin/kernel/process.c	MissingDead
635	v2.6.37	v3.6	arch/blackfin/kernel/entry.S	MissingDead
635	v2.6.37	v3.6	arch/blackfin/mach-common/interrupt.S	MissingDead
635	v2.6.37	v3.6	arch/blackfin/mach-common/interrupt.S	MissingDead
635	v2.6.37	v3.6	drivers/video/aty/aty128fb.c	MissingDead
635	v2.6.37	v3.6	drivers/video/aty/radeon_pm.c	MissingDead
635	v2.6.37	v3.6	drivers/video/68328fb.c	MissingDead
635	v2.6.37	v3.6	arch/cris/arch-v10/kernel/head.S	MissingDead
635	v2.6.37	v3.6	drivers/video/gbefb.c	MissingDead
635	v2.6.37	v3.6	drivers/video/gbefb.c	MissingDead
635	v2.6.37	v3.6	drivers/video/gbefb.c	MissingDead
635	v2.6.37	v3.6	arch/blackfin/mach-common/interrupt.S	MissingDead
635	v2.6.37	v3.6	arch/blackfin/mach-common/interrupt.S	MissingDead
635	v2.6.37	v3.6	arch/blackfin/mach-common/entry.S	MissingDead
635	v2.6.37	v3.6	arch/cris/arch-v10/kernel/head.S	MissingDead
635	v2.6.37	v3.6	arch/cris/arch-v10/kernel/head.S	MissingDead
635	v2.6.37	v3.6	arch/cris/arch-v10/kernel/head.S	MissingDead
635	v2.6.37	v3.6	arch/cris/arch-v10/kernel/head.S	MissingDead
635	v2.6.37	v3.6	arch/cris/arch-v10/kernel/head.S	MissingDead
635	v2.6.37	v3.6	arch/cris/arch-v10/kernel/head.S	MissingDead
635	v2.6.37	v3.6	arch/blackfin/mach-common/entry.S	MissingDead
635	v2.6.37	v3.6	arch/cris/arch-v10/kernel/head.S	MissingDead
635	v2.6.37	v3.6	arch/blackfin/mach-common/entry.S	MissingDead
635	v2.6.37	v3.6	arch/blackfin/mach-common/entry.S	MissingDead
635	v2.6.37	v3.6	arch/blackfin/mach-common/ints-priority.c	MissingDead
635	v2.6.37	v3.6	drivers/staging/octeon/ethernet.c	MissingDead
635	v2.6.37	v3.6	drivers/staging/cxt1e1/linux.c	MissingDead
635	v2.6.37	v3.6	drivers/staging/cxt1e1/functions.c	MissingDead
635	v2.6.37	v3.6	drivers/staging/cxt1e1/musycc.c	MissingDead
635	v2.6.37	v3.6	drivers/staging/cxt1e1/musycc.c	MissingDead
635	v2.6.37	v3.6	arch/cris/arch-v10/kernel/head.S	MissingDead
635	v2.6.37	v3.6	arch/cris/arch-v10/kernel/head.S	MissingDead
635	v2.6.37	v3.6	drivers/staging/tidspbridge/core/io_sm.c	MissingDead
635	v2.6.37	v3.6	drivers/staging/rtl8192u/ieee80211/internal.h	MissingDead
635	v2.6.37	v3.6	drivers/staging/rtl8192u/ieee80211/ieee80211_rx.c	MissingDead
635	v2.6.37	v3.6	drivers/staging/rtl8192u/ieee80211/ieee80211_rx.c	MissingDead
635	v2.6.37	v3.6	arch/cris/arch-v10/kernel/head.S	MissingDead
635	v2.6.37	v3.6	drivers/staging/rtl8192u/ieee80211/ieee80211_rx.c	MissingDead
635	v2.6.37	v3.6	drivers/staging/rtl8192u/ieee80211/ieee80211_rx.c	MissingDead
635	v2.6.37	v3.6	drivers/staging/rtl8192u/ieee80211/ieee80211_rx.c	MissingDead
635	v2.6.37	v3.6	drivers/staging/rtl8192u/ieee80211/ieee80211_rx.c	MissingDead
635	v2.6.37	v3.6	arch/m32r/kernel/setup.c	MissingDead
635	v2.6.37	v3.6	drivers/staging/rtl8192u/ieee80211/ieee80211_rx.c	MissingDead
635	v2.6.37	v3.6	arch/m32r/kernel/setup.c	MissingDead
635	v2.6.37	v3.6	arch/m32r/kernel/time.c	MissingDead
635	v2.6.37	v3.6	arch/m32r/kernel/time.c	MissingDead
635	v2.6.37	v3.6	arch/m32r/include/asm/m32r.h	MissingDead
635	v2.6.37	v3.6	arch/m32r/boot/setup.S	MissingDead
635	v2.6.37	v3.6	arch/cris/arch-v10/kernel/head.S	MissingDead
635	v2.6.37	v3.6	arch/cris/arch-v10/kernel/head.S	MissingDead
635	v2.6.37	v3.6	arch/cris/arch-v10/kernel/head.S	MissingDead
635	v2.6.37	v3.6	arch/cris/arch-v10/kernel/head.S	MissingDead
635	v2.6.37	v3.6	arch/cris/arch-v10/kernel/head.S	MissingDead
635	v2.6.37	v3.6	arch/cris/arch-v10/kernel/head.S	MissingDead
635	v2.6.37	v3.6	arch/cris/arch-v10/kernel/head.S	MissingDead
635	v2.6.37	v3.6	arch/x86/include/asm/dwarf2.h	MissingDead
635	v2.6.37	v3.6	drivers/staging/rtl8192u/ieee80211/ieee80211_rx.c	MissingDead
635	v2.6.37	v3.6	drivers/staging/rtl8192u/ieee80211/ieee80211_rx.c	MissingDead
635	v2.6.37	v3.6	arch/x86/include/asm/dwarf2.h	MissingDead
635	v2.6.37	v3.6	arch/x86/include/asm/dwarf2.h	MissingDead
635	v2.6.37	v3.6	arch/h8300/kernel/setup.c	MissingDead
635	v2.6.37	v3.6	arch/alpha/include/asm/serial.h	MissingDead
635	v2.6.37	v3.6	arch/arm/mach-sa1100/include/mach/hardware.h	MissingDead
635	v2.6.37	v3.6	arch/m68k/include/asm/serial.h	MissingDead
635	v2.6.37	v3.6	arch/arm/plat-mxc/include/mach/mx51.h	MissingDead
635	v2.6.37	v3.6	arch/mips/mti-malta/malta-setup.c	MissingDead
635	v2.6.37	v3.6	arch/um/include/asm/page.h	MissingDead
635	v2.6.37	v3.6	arch/arm/mach-at91/at91sam9263_devices.c	MissingDead
635	v2.6.37	v3.6	arch/mips/mti-malta/malta-setup.c	MissingDead
635	v2.6.37	v3.6	arch/mips/sibyte/bcm1480/irq.c	MissingDead
635	v2.6.37	v3.6	arch/mips/sibyte/bcm1480/irq.c	MissingDead
635	v2.6.37	v3.6	arch/arm/boot/compressed/head.S	MissingDead
635	v2.6.37	v3.6	arch/mips/cavium-octeon/setup.c	MissingDead
566	v2.6.38	v3.6	drivers/tty/serial/bfin_sport_uart.c	MissingDead
566	v2.6.38	v3.6	drivers/tty/serial/bfin_sport_uart.c	MissingDead
566	v2.6.38	v3.6	drivers/net/wireless/ath/ath5k/ath5k.h	MissingUndead
566	v2.6.38	v3.6	drivers/usb/musb/tusb6010.h	MissingUndead
566	v2.6.38	v3.6	arch/blackfin/mach-bf537/boards/dnp5370.c	MissingUndead
566	v2.6.38	v3.6	arch/blackfin/mach-bf537/boards/dnp5370.c	MissingDead
566	v2.6.38	v3.6	drivers/net/wireless/ath/ath5k/ath5k.h	MissingDead
566	v2.6.38	v3.6	drivers/net/wireless/ath/ath5k/base.c	MissingDead
566	v2.6.38	v3.6	drivers/net/wireless/ath/ath5k/base.c	MissingDead
566	v2.6.38	v3.6	drivers/tty/serial/bfin_sport_uart.c	MissingDead
566	v2.6.38	v3.6	kernel/irq/manage.c	MissingDead
566	v2.6.38	v3.6	drivers/net/wireless/ath/ath5k/led.c	MissingDead
566	v2.6.38	v3.6	drivers/tty/serial/bfin_sport_uart.c	MissingDead
566	v2.6.38	v3.6	drivers/net/wireless/rt2x00/rt2800pci.c	MissingDead
566	v2.6.38	v3.6	drivers/tty/serial/bfin_sport_uart.c	MissingDead
566	v2.6.38	v3.6	arch/blackfin/mach-bf518/boards/ezbrd.c	MissingDead
566	v2.6.38	v3.6	drivers/tty/serial/bfin_sport_uart.c	MissingDead
566	v2.6.38	v3.6	drivers/tty/serial/crisv10.c	MissingDead
566	v2.6.38	v3.6	drivers/tty/serial/crisv10.c	MissingDead
566	v2.6.38	v3.6	arch/blackfin/mach-bf518/boards/ezbrd.c	MissingDead
566	v2.6.38	v3.6	drivers/net/wireless/rt2x00/rt2800pci.c	MissingDead
566	v2.6.38	v3.6	drivers/net/wireless/rt2x00/rt2800pci.c	MissingDead
566	v2.6.38	v3.6	drivers/net/wireless/rt2x00/rt2800pci.c	MissingDead
566	v2.6.38	v3.6	drivers/net/wireless/rt2x00/rt2800pci.c	MissingDead
566	v2.6.38	v3.6	arch/arm/mach-omap2/board-am3517evm.c	MissingDead
566	v2.6.38	v3.6	drivers/usb/musb/tusb6010.h	MissingDead
566	v2.6.38	v3.6	arch/arm/mach-omap2/board-am3517evm.c	MissingDead
564	v2.6.37	v3.5	arch/arm/mach-omap2/omap-iommu.c	MissingDead
564	v2.6.37	v3.5	drivers/staging/comedi/drivers/skel.c	MissingDead
502	v2.6.37	v3.4	drivers/staging/comedi/drivers/amplc_pc236.c	MissingDead
502	v2.6.37	v3.4	drivers/staging/comedi/drivers/amplc_pc236.c	MissingDead
502	v2.6.37	v3.4	drivers/staging/comedi/drivers/amplc_pc236.c	MissingDead
502	v2.6.37	v3.4	drivers/staging/comedi/drivers/amplc_pc236.c	MissingDead
502	v2.6.37	v3.4	drivers/staging/comedi/drivers/amplc_pc236.c	MissingDead
502	v2.6.37	v3.4	drivers/staging/comedi/drivers/amplc_pc236.c	MissingDead
502	v2.6.37	v3.4	drivers/staging/comedi/drivers/amplc_pc236.c	MissingDead
502	v2.6.37	v3.4	drivers/staging/comedi/drivers/amplc_pc236.c	MissingDead
502	v2.6.37	v3.4	kernel/irq/manage.c	MissingDead
502	v2.6.37	v3.4	drivers/staging/comedi/drivers/amplc_pc236.c	MissingDead
502	v2.6.37	v3.4	drivers/staging/comedi/drivers/amplc_pc236.c	MissingDead
502	v2.6.37	v3.4	include/linux/irq.h	MissingDead
502	v2.6.37	v3.4	drivers/staging/comedi/drivers/das08.c	MissingDead
502	v2.6.37	v3.4	drivers/staging/comedi/drivers/das08.c	MissingDead
502	v2.6.37	v3.4	drivers/staging/comedi/drivers/das08.c	MissingDead
502	v2.6.37	v3.4	drivers/staging/comedi/drivers/das08.c	MissingDead
502	v2.6.37	v3.4	drivers/staging/comedi/drivers/das08.c	MissingDead
502	v2.6.37	v3.4	drivers/staging/comedi/drivers/das08.c	MissingDead
502	v2.6.37	v3.4	drivers/staging/comedi/drivers/das08.c	MissingDead
502	v2.6.37	v3.4	drivers/staging/comedi/drivers/das08.c	MissingDead
502	v2.6.37	v3.4	drivers/staging/comedi/drivers/amplc_pc236.c	MissingDead
502	v2.6.37	v3.4	drivers/staging/comedi/drivers/amplc_pc236.c	MissingDead
502	v2.6.37	v3.4	drivers/staging/comedi/drivers/amplc_dio200.c	MissingDead
502	v2.6.37	v3.4	drivers/staging/comedi/drivers/das08.c	MissingDead
502	v2.6.37	v3.4	drivers/staging/comedi/drivers/amplc_dio200.c	MissingDead
502	v2.6.37	v3.4	drivers/staging/comedi/drivers/amplc_dio200.c	MissingDead
502	v2.6.37	v3.4	drivers/staging/comedi/drivers/amplc_dio200.c	MissingDead
502	v2.6.37	v3.4	arch/cris/arch-v10/drivers/ds1302.c	MissingDead
502	v2.6.37	v3.4	drivers/staging/comedi/drivers/amplc_dio200.c	MissingDead
502	v2.6.37	v3.4	drivers/staging/comedi/drivers/amplc_dio200.c	MissingDead
502	v2.6.37	v3.4	drivers/staging/comedi/drivers/amplc_dio200.c	MissingDead
502	v2.6.37	v3.4	drivers/staging/comedi/drivers/amplc_dio200.c	MissingDead
502	v2.6.37	v3.4	drivers/staging/comedi/drivers/amplc_dio200.c	MissingDead
502	v2.6.37	v3.4	drivers/staging/comedi/drivers/amplc_dio200.c	MissingDead
502	v2.6.37	v3.4	drivers/staging/comedi/drivers/amplc_dio200.c	MissingDead
502	v2.6.37	v3.4	drivers/staging/comedi/drivers/amplc_dio200.c	MissingDead
502	v2.6.37	v3.4	drivers/staging/comedi/drivers/amplc_pc263.c	MissingDead
502	v2.6.37	v3.4	drivers/staging/comedi/drivers/amplc_pc263.c	MissingDead
502	v2.6.37	v3.4	drivers/staging/comedi/drivers/amplc_pc263.c	MissingDead
502	v2.6.37	v3.4	drivers/staging/comedi/drivers/amplc_pc263.c	MissingDead
502	v2.6.37	v3.4	drivers/staging/comedi/drivers/amplc_pc263.c	MissingDead
502	v2.6.37	v3.4	drivers/staging/comedi/drivers/amplc_pc263.c	MissingDead
502	v2.6.37	v3.4	drivers/staging/comedi/drivers/amplc_pc263.c	MissingDead
502	v2.6.37	v3.4	drivers/staging/comedi/drivers/amplc_pc263.c	MissingDead
502	v2.6.37	v3.4	drivers/staging/comedi/drivers/amplc_pc263.c	MissingDead
502	v2.6.37	v3.4	drivers/regulator/twl-regulator.c	MissingDead
502	v2.6.37	v3.4	drivers/staging/comedi/drivers/amplc_pc263.c	MissingDead
502	v2.6.37	v3.4	drivers/staging/comedi/drivers/amplc_pc236.c	MissingDead
502	v2.6.37	v3.4	drivers/staging/comedi/drivers/amplc_pc236.c	MissingDead
502	v2.6.37	v3.4	drivers/staging/comedi/drivers/amplc_pc263.c	MissingDead
502	v2.6.37	v3.4	drivers/staging/comedi/drivers/amplc_pc263.c	MissingDead
502	v2.6.37	v3.4	drivers/staging/comedi/drivers/amplc_pc263.c	MissingDead
501	v2.6.39	v3.6	arch/mn10300/kernel/entry.S	MissingDead
501	v2.6.39	v3.6	arch/mips/include/asm/pmc-sierra/msp71xx/msp_usb.h	MissingUndead
501	v2.6.39	v3.6	arch/mn10300/unit-asb2364/include/unit/serial.h	MissingUndead
501	v2.6.39	v3.6	arch/mn10300/unit-asb2305/include/unit/serial.h	MissingUndead
501	v2.6.39	v3.6	arch/mn10300/include/asm/gdb-stub.h	MissingUndead
501	v2.6.39	v3.6	arch/mn10300/include/asm/gdb-stub.h	MissingUndead
501	v2.6.39	v3.6	arch/mn10300/include/asm/gdb-stub.h	MissingUndead
501	v2.6.39	v3.6	arch/mn10300/include/asm/gdb-stub.h	MissingUndead
501	v2.6.39	v3.6	arch/mn10300/include/asm/gdb-stub.h	MissingUndead
501	v2.6.39	v3.6	arch/mn10300/unit-asb2303/include/unit/serial.h	MissingUndead
501	v2.6.39	v3.6	fs/minix/minix.h	MissingDead
501	v2.6.39	v3.6	drivers/usb/host/ehci-pmcmsp.c	MissingDead
501	v2.6.39	v3.6	drivers/usb/host/ehci-pmcmsp.c	MissingDead
501	v2.6.39	v3.6	drivers/usb/host/ehci-pmcmsp.c	MissingDead
501	v2.6.39	v3.6	drivers/usb/host/ehci-pmcmsp.c	MissingDead
501	v2.6.39	v3.6	drivers/usb/host/ehci-pmcmsp.c	MissingDead
501	v2.6.39	v3.6	drivers/tty/amiserial.c	MissingDead
501	v2.6.39	v3.6	arch/mn10300/kernel/gdb-io-ttysm.c	MissingDead
501	v2.6.39	v3.6	arch/mn10300/kernel/gdb-io-ttysm.c	MissingDead
501	v2.6.39	v3.6	arch/mn10300/kernel/entry.S	MissingDead
501	v2.6.39	v3.6	arch/mn10300/unit-asb2303/include/unit/serial.h	MissingDead
501	v2.6.39	v3.6	arch/mn10300/unit-asb2303/include/unit/serial.h	MissingDead
501	v2.6.39	v3.6	arch/mn10300/unit-asb2303/include/unit/serial.h	MissingDead
501	v2.6.39	v3.6	arch/mn10300/unit-asb2303/include/unit/serial.h	MissingDead
501	v2.6.39	v3.6	arch/mn10300/include/asm/gdb-stub.h	MissingDead
501	v2.6.39	v3.6	arch/mn10300/include/asm/gdb-stub.h	MissingDead
501	v2.6.39	v3.6	arch/mn10300/include/asm/gdb-stub.h	MissingDead
501	v2.6.39	v3.6	arch/mn10300/include/asm/gdb-stub.h	MissingDead
501	v2.6.39	v3.6	arch/mn10300/include/asm/gdb-stub.h	MissingDead
501	v2.6.39	v3.6	arch/mn10300/boot/compressed/misc.c	MissingDead
501	v2.6.39	v3.6	arch/mn10300/unit-asb2305/include/unit/serial.h	MissingDead
501	v2.6.39	v3.6	arch/mn10300/unit-asb2305/include/unit/serial.h	MissingDead
501	v2.6.39	v3.6	arch/mn10300/unit-asb2305/include/unit/serial.h	MissingDead
501	v2.6.39	v3.6	arch/mn10300/unit-asb2305/include/unit/serial.h	MissingDead
501	v2.6.39	v3.6	arch/mn10300/unit-asb2364/include/unit/serial.h	MissingDead
501	v2.6.39	v3.6	arch/mn10300/unit-asb2364/include/unit/serial.h	MissingDead
501	v2.6.39	v3.6	arch/mn10300/unit-asb2364/include/unit/serial.h	MissingDead
501	v2.6.39	v3.6	arch/mn10300/unit-asb2364/include/unit/serial.h	MissingDead
501	v2.6.39	v3.6	arch/mips/pmc-sierra/msp71xx/msp_eth.c	MissingDead
501	v2.6.39	v3.6	arch/mips/pmc-sierra/msp71xx/msp_eth.c	MissingDead
501	v2.6.39	v3.6	arch/mips/pmc-sierra/msp71xx/msp_usb.c	MissingDead
501	v2.6.39	v3.6	arch/mips/pmc-sierra/msp71xx/msp_usb.c	MissingDead
501	v2.6.39	v3.6	arch/mips/include/asm/pmc-sierra/msp71xx/msp_usb.h	MissingDead
501	v2.6.39	v3.6	arch/blackfin/include/asm/irqflags.h	MissingDead
501	v2.6.39	v3.6	arch/blackfin/include/asm/irqflags.h	MissingDead
501	v2.6.39	v3.6	arch/blackfin/include/asm/irqflags.h	MissingUndead
501	v2.6.39	v3.6	arch/mn10300/kernel/mn10300-serial.c	MissingDead
501	v2.6.39	v3.6	arch/mn10300/kernel/mn10300-serial.c	MissingDead
501	v2.6.39	v3.6	arch/mn10300/kernel/mn10300-serial.c	MissingDead
501	v2.6.39	v3.6	arch/mn10300/kernel/gdb-stub.c	MissingDead
501	v2.6.39	v3.6	arch/mn10300/kernel/gdb-stub.c	MissingDead
501	v2.6.39	v3.6	arch/mn10300/kernel/gdb-stub.c	MissingDead
501	v2.6.39	v3.6	arch/mn10300/kernel/gdb-stub.c	MissingDead
501	v2.6.39	v3.6	arch/mn10300/kernel/gdb-stub.c	MissingDead
501	v2.6.39	v3.6	arch/mn10300/kernel/gdb-stub.c	MissingDead
501	v2.6.39	v3.6	arch/mn10300/kernel/gdb-stub.c	MissingDead
439	v2.6.37	v3.3	drivers/staging/tidspbridge/rmgr/drv_interface.c	MissingDead
439	v2.6.37	v3.3	arch/x86/include/asm/i387.h	MissingUndead
439	v2.6.37	v3.3	arch/x86/include/asm/i387.h	MissingDead
439	v2.6.37	v3.3	drivers/staging/tidspbridge/rmgr/drv_interface.c	MissingDead
439	v2.6.37	v3.3	drivers/staging/tidspbridge/rmgr/drv_interface.c	MissingDead
439	v2.6.37	v3.3	drivers/staging/tidspbridge/rmgr/drv_interface.c	MissingDead
439	v2.6.37	v3.3	drivers/staging/tidspbridge/rmgr/drv_interface.c	MissingDead
439	v2.6.37	v3.3	drivers/staging/tidspbridge/rmgr/drv_interface.c	MissingDead
439	v2.6.37	v3.3	drivers/staging/tidspbridge/rmgr/drv_interface.c	MissingDead
439	v2.6.37	v3.3	drivers/staging/tidspbridge/rmgr/drv_interface.c	MissingDead
437	v3.0	v3.6	arch/blackfin/mach-common/ints-priority.c	MissingDead
437	v3.0	v3.6	arch/blackfin/mach-bf537/boards/stamp.c	MissingDead
437	v3.0	v3.6	arch/blackfin/mach-bf537/boards/stamp.c	MissingDead
437	v3.0	v3.6	drivers/usb/musb/cppi_dma.c	MissingDead
437	v3.0	v3.6	drivers/usb/musb/cppi_dma.c	MissingDead
437	v3.0	v3.6	fs/cifs/cifssmb.c	MissingDead
437	v3.0	v3.6	fs/cifs/cifssmb.c	MissingDead
437	v3.0	v3.6	fs/cifs/cifsglob.h	MissingDead
437	v3.0	v3.6	drivers/usb/musb/cppi_dma.c	MissingDead
370	v2.6.38	v3.3	arch/x86/include/asm/i387.h	MissingDead
370	v2.6.38	v3.3	arch/x86/include/asm/i387.h	MissingUndead
370	v2.6.38	v3.3	arch/x86/include/asm/i387.h	MissingUndead
370	v2.6.38	v3.3	arch/x86/include/asm/i387.h	MissingDead
365	v2.6.37	v3.2	arch/powerpc/mm/44x_mmu.c	MissingDead
365	v2.6.37	v3.2	arch/arm/mach-tcc8k/devices.c	MissingDead
365	v2.6.37	v3.2	arch/arm/mach-tcc8k/devices.c	MissingDead
365	v2.6.37	v3.2	arch/arm/mach-tcc8k/devices.c	MissingDead
342	v3.1	v3.6	arch/arm/mach-omap1/board-osk.c	MissingDead
342	v3.1	v3.6	arch/arm/mach-davinci/board-dm355-evm.c	MissingDead
342	v3.1	v3.6	arch/arm/mach-davinci/board-dm355-leopard.c	MissingDead
342	v3.1	v3.6	arch/arm/mach-davinci/board-da830-evm.c	MissingDead
342	v3.1	v3.6	drivers/usb/otg/isp1301_omap.c	MissingDead
342	v3.1	v3.6	drivers/usb/gadget/net2272.c	MissingDead
342	v3.1	v3.6	arch/blackfin/mach-bf537/boards/stamp.c	MissingDead
342	v3.1	v3.6	arch/arm/plat-omap/include/plat/irqs.h	MissingDead
342	v3.1	v3.6	arch/arm/mach-omap1/board-innovator.c	MissingDead
342	v3.1	v3.6	arch/arm/mach-omap1/usb.c	MissingDead
342	v3.1	v3.6	arch/arm/mach-omap1/usb.c	MissingDead
342	v3.1	v3.6	arch/arm/plat-omap/include/plat/irqs.h	MissingUndead
305	v2.6.39	v3.3	arch/m68k/platform/527x/config.c	MissingDead
305	v2.6.39	v3.3	arch/m68k/platform/527x/config.c	MissingDead
305	v2.6.39	v3.3	arch/arm/mach-at91/include/mach/cpu.h	MissingDead
305	v2.6.39	v3.3	arch/arm/mach-at91/include/mach/cpu.h	MissingUndead
304	v3.0	v3.4	drivers/s390/char/tape.h	MissingDead
304	v3.0	v3.4	drivers/s390/char/tape.h	MissingDead
304	v3.0	v3.4	drivers/s390/char/tape.h	MissingDead
304	v3.0	v3.4	drivers/s390/char/tape.h	MissingUndead
304	v3.0	v3.4	drivers/s390/char/tape.h	MissingDead
296	v2.6.38	v3.2	drivers/tty/serial/bfin_sport_uart.c	MissingDead
293	v2.6.37	v3.1	drivers/staging/rtl8192e/ieee80211/ieee80211_rx.c	MissingDead
293	v2.6.37	v3.1	drivers/staging/rtl8192e/ieee80211/ieee80211_rx.c	MissingDead
293	v2.6.37	v3.1	drivers/staging/rtl8192e/ieee80211/ieee80211_rx.c	MissingDead
293	v2.6.37	v3.1	drivers/staging/rtl8192e/ieee80211/ieee80211_rx.c	MissingDead
293	v2.6.37	v3.1	arch/blackfin/mach-bf537/boards/stamp.c	MissingDead
293	v2.6.37	v3.1	arch/blackfin/mach-bf537/boards/stamp.c	MissingDead
293	v2.6.37	v3.1	arch/blackfin/mach-bf537/boards/stamp.c	MissingDead
293	v2.6.37	v3.1	arch/blackfin/mach-bf537/boards/stamp.c	MissingDead
293	v2.6.37	v3.1	arch/blackfin/mach-bf537/boards/stamp.c	MissingDead
293	v2.6.37	v3.1	sound/soc/atmel/playpaq_wm8510.c	MissingDead
293	v2.6.37	v3.1	sound/soc/atmel/playpaq_wm8510.c	MissingDead
293	v2.6.37	v3.1	sound/soc/atmel/playpaq_wm8510.c	MissingDead
293	v2.6.37	v3.1	sound/soc/atmel/playpaq_wm8510.c	MissingDead
293	v2.6.37	v3.1	sound/soc/atmel/playpaq_wm8510.c	MissingDead
293	v2.6.37	v3.1	arch/blackfin/mach-bf537/boards/stamp.c	MissingDead
293	v2.6.37	v3.1	drivers/staging/comedi/drivers/ni_labpc.c	MissingDead
293	v2.6.37	v3.1	drivers/staging/comedi/drivers/ni_labpc.c	MissingDead
293	v2.6.37	v3.1	drivers/staging/comedi/drivers/ni_labpc.c	MissingDead
293	v2.6.37	v3.1	drivers/staging/comedi/drivers/ni_labpc.c	MissingDead
293	v2.6.37	v3.1	drivers/staging/comedi/drivers/ni_labpc.c	MissingDead
293	v2.6.37	v3.1	drivers/staging/comedi/drivers/ni_labpc.c	MissingDead
293	v2.6.37	v3.1	drivers/staging/comedi/drivers/ni_labpc.c	MissingDead
293	v2.6.37	v3.1	drivers/staging/comedi/drivers/ni_labpc.c	MissingDead
293	v2.6.37	v3.1	arch/blackfin/mach-bf537/boards/stamp.c	MissingDead
293	v2.6.37	v3.1	drivers/staging/lirc/lirc_serial.c	MissingDead
293	v2.6.37	v3.1	drivers/staging/lirc/lirc_serial.c	MissingDead
293	v2.6.37	v3.1	drivers/staging/lirc/lirc_serial.c	MissingDead
293	v2.6.37	v3.1	drivers/staging/lirc/lirc_serial.c	MissingDead
293	v2.6.37	v3.1	drivers/staging/lirc/lirc_serial.c	MissingDead
293	v2.6.37	v3.1	drivers/staging/lirc/lirc_sir.c	MissingDead
293	v2.6.37	v3.1	drivers/staging/ath6kl/os/linux/ar6000_drv.c	MissingDead
293	v2.6.37	v3.1	drivers/staging/ath6kl/os/linux/ar6000_drv.c	MissingDead
293	v2.6.37	v3.1	arch/arm/mach-pxa/include/mach/palm27x.h	MissingUndead
293	v2.6.37	v3.1	drivers/staging/ath6kl/os/linux/ar6000_drv.c	MissingDead
293	v2.6.37	v3.1	drivers/staging/ath6kl/wmi/wmi.c	MissingDead
293	v2.6.37	v3.1	drivers/staging/ath6kl/wmi/wmi.c	MissingDead
293	v2.6.37	v3.1	drivers/staging/ath6kl/wmi/wmi.c	MissingDead
293	v2.6.37	v3.1	drivers/staging/ath6kl/wmi/wmi.c	MissingDead
293	v2.6.37	v3.1	drivers/staging/ath6kl/wmi/wmi.c	MissingDead
293	v2.6.37	v3.1	drivers/staging/ath6kl/wmi/wmi.c	MissingDead
293	v2.6.37	v3.1	drivers/staging/ath6kl/wmi/wmi.c	MissingDead
293	v2.6.37	v3.1	drivers/staging/ath6kl/os/linux/ar6000_drv.c	MissingDead
293	v2.6.37	v3.1	drivers/staging/ath6kl/wmi/wmi.c	MissingDead
293	v2.6.37	v3.1	drivers/staging/ath6kl/wmi/wmi.c	MissingDead
293	v2.6.37	v3.1	drivers/staging/ath6kl/os/linux/ar6000_drv.c	MissingDead
293	v2.6.37	v3.1	drivers/staging/ath6kl/wmi/wmi.c	MissingDead
293	v2.6.37	v3.1	drivers/staging/ath6kl/os/linux/ar6000_drv.c	MissingDead
293	v2.6.37	v3.1	drivers/staging/ath6kl/wmi/wmi.c	MissingDead
293	v2.6.37	v3.1	arch/arm/mach-at91/at91cap9_devices.c	MissingDead
293	v2.6.37	v3.1	arch/arm/mach-at91/at91sam9rl_devices.c	MissingDead
293	v2.6.37	v3.1	arch/arm/mach-at91/at91sam9g45_devices.c	MissingDead
293	v2.6.37	v3.1	arch/arm/mach-pxa/balloon3.c	MissingDead
293	v2.6.37	v3.1	arch/arm/mach-pxa/colibri-pxa320.c	MissingDead
293	v2.6.37	v3.1	drivers/staging/ath6kl/os/linux/include/ar6000_drv.h	MissingDead
293	v2.6.37	v3.1	drivers/staging/ath6kl/os/linux/include/ar6000_drv.h	MissingDead
293	v2.6.37	v3.1	drivers/staging/ath6kl/os/linux/include/ar6000_drv.h	MissingDead
293	v2.6.37	v3.1	drivers/staging/ath6kl/os/linux/include/ar6000_drv.h	MissingDead
293	v2.6.37	v3.1	drivers/staging/ath6kl/os/linux/include/ar6000_drv.h	MissingDead
293	v2.6.37	v3.1	arch/arm/mach-pxa/vpac270.c	MissingDead
293	v2.6.37	v3.1	arch/arm/mach-pxa/include/mach/palm27x.h	MissingDead
293	v2.6.37	v3.1	drivers/staging/ath6kl/os/linux/ar6000_drv.c	MissingDead
293	v2.6.37	v3.1	drivers/staging/ath6kl/os/linux/ar6000_drv.c	MissingDead
293	v2.6.37	v3.1	drivers/staging/ath6kl/os/linux/ar6000_drv.c	MissingDead
293	v2.6.37	v3.1	drivers/staging/rtl8192e/ieee80211/ieee80211_tx.c	MissingDead
293	v2.6.37	v3.1	drivers/staging/rtl8192e/ieee80211/ieee80211_tx.c	MissingDead
293	v2.6.37	v3.1	drivers/staging/rtl8192e/ieee80211/ieee80211_rx.c	MissingDead
293	v2.6.37	v3.1	drivers/staging/rtl8192e/ieee80211/ieee80211_rx.c	MissingDead
293	v2.6.37	v3.1	drivers/staging/rtl8192e/ieee80211/ieee80211_rx.c	MissingDead
293	v2.6.37	v3.1	drivers/staging/rtl8192e/ieee80211/ieee80211_rx.c	MissingDead
293	v2.6.37	v3.1	drivers/staging/rtl8192e/ieee80211/ieee80211_rx.c	MissingDead
293	v2.6.37	v3.1	drivers/staging/ath6kl/os/linux/ar6000_drv.c	MissingDead
293	v2.6.37	v3.1	drivers/staging/rtl8192e/ieee80211/ieee80211_rx.c	MissingDead
293	v2.6.37	v3.1	drivers/staging/rtl8192e/ieee80211/ieee80211_rx.c	MissingDead
293	v2.6.37	v3.1	drivers/staging/lirc/lirc_sir.c	MissingDead
293	v2.6.37	v3.1	drivers/staging/lirc/lirc_serial.c	MissingDead
293	v2.6.37	v3.1	drivers/staging/lirc/lirc_serial.c	MissingDead
293	v2.6.37	v3.1	drivers/staging/lirc/lirc_serial.c	MissingDead
293	v2.6.37	v3.1	drivers/staging/lirc/lirc_serial.c	MissingDead
271	v3.1	v3.5	arch/arm/mach-omap2/usb-fs.c	MissingDead
271	v3.1	v3.5	arch/arm/mach-omap2/board-2430sdp.c	MissingDead
271	v3.1	v3.5	arch/arm/plat-omap/include/plat/usb.h	MissingDead
271	v3.1	v3.5	arch/arm/plat-omap/usb.c	MissingDead
271	v3.1	v3.5	arch/arm/plat-omap/include/plat/usb.h	MissingUndead
270	v3.2	v3.6	drivers/net/wireless/libertas/if_usb.c	MissingDead
270	v3.2	v3.6	arch/blackfin/mach-bf537/boards/stamp.c	MissingDead
270	v3.2	v3.6	arch/blackfin/mach-bf537/boards/stamp.c	MissingDead
270	v3.2	v3.6	arch/blackfin/mach-bf537/boards/stamp.c	MissingDead
270	v3.2	v3.6	arch/blackfin/mach-bf537/boards/stamp.c	MissingDead
270	v3.2	v3.6	arch/blackfin/mach-bf537/boards/stamp.c	MissingDead
270	v3.2	v3.6	arch/hexagon/kernel/vm_init_segtable.S	MissingDead
270	v3.2	v3.6	arch/mips/pci/pci-alchemy.c	MissingDead
270	v3.2	v3.6	arch/powerpc/platforms/wsp/wsp_pci.c	MissingDead
270	v3.2	v3.6	arch/powerpc/platforms/wsp/wsp_pci.c	MissingDead
270	v3.2	v3.6	drivers/tty/serial/bfin_uart.c	MissingDead
270	v3.2	v3.6	drivers/tty/serial/bfin_uart.c	MissingDead
270	v3.2	v3.6	drivers/tty/serial/bfin_uart.c	MissingDead
270	v3.2	v3.6	drivers/tty/serial/bfin_uart.c	MissingDead
270	v3.2	v3.6	drivers/tty/serial/bfin_uart.c	MissingDead
270	v3.2	v3.6	drivers/tty/serial/bfin_uart.c	MissingDead
270	v3.2	v3.6	drivers/tty/serial/bfin_uart.c	MissingDead
270	v3.2	v3.6	drivers/tty/serial/bfin_uart.c	MissingDead
270	v3.2	v3.6	drivers/staging/media/lirc/lirc_sir.c	MissingDead
270	v3.2	v3.6	drivers/staging/media/lirc/lirc_sir.c	MissingDead
270	v3.2	v3.6	drivers/staging/media/lirc/lirc_serial.c	MissingDead
270	v3.2	v3.6	drivers/staging/media/lirc/lirc_serial.c	MissingDead
270	v3.2	v3.6	drivers/staging/media/lirc/lirc_serial.c	MissingDead
270	v3.2	v3.6	drivers/staging/media/lirc/lirc_serial.c	MissingDead
270	v3.2	v3.6	drivers/staging/media/lirc/lirc_serial.c	MissingDead
270	v3.2	v3.6	drivers/staging/media/lirc/lirc_serial.c	MissingDead
270	v3.2	v3.6	drivers/staging/media/lirc/lirc_serial.c	MissingDead
270	v3.2	v3.6	drivers/staging/media/lirc/lirc_serial.c	MissingDead
270	v3.2	v3.6	drivers/staging/media/lirc/lirc_serial.c	MissingDead
270	v3.2	v3.6	include/linux/mfd/dbx500-prcmu.h	MissingUndead
270	v3.2	v3.6	drivers/mtd/maps/solutionengine.c	MissingDead
231	v2.6.39	v3.2	sound/soc/samsung/neo1973_wm8753.c	MissingDead
231	v2.6.39	v3.2	include/linux/clockchips.h	MissingDead
231	v2.6.39	v3.2	include/linux/clockchips.h	MissingUndead
224	v2.6.38	v3.1	arch/h8300/kernel/vmlinux.lds.S	MissingDead
224	v2.6.38	v3.1	drivers/tty/serial/68360serial.c	MissingDead
224	v2.6.38	v3.1	drivers/net/smc9194.c	MissingDead
224	v2.6.38	v3.1	drivers/net/smc9194.c	MissingDead
224	v2.6.38	v3.1	arch/h8300/kernel/vmlinux.lds.S	MissingDead
224	v2.6.38	v3.1	arch/h8300/kernel/vmlinux.lds.S	MissingDead
224	v2.6.38	v3.1	arch/h8300/kernel/vmlinux.lds.S	MissingDead
224	v2.6.38	v3.1	arch/h8300/kernel/vmlinux.lds.S	MissingDead
224	v2.6.38	v3.1	arch/h8300/kernel/vmlinux.lds.S	MissingDead
224	v2.6.38	v3.1	arch/h8300/kernel/vmlinux.lds.S	MissingDead
224	v2.6.38	v3.1	arch/h8300/kernel/process.c	MissingDead
224	v2.6.38	v3.1	arch/h8300/platform/h8s/generic/crt0_ram.S	MissingDead
224	v2.6.38	v3.1	arch/h8300/platform/h8s/generic/crt0_ram.S	MissingDead
224	v2.6.38	v3.1	arch/h8300/platform/h8s/edosk2674/crt0_ram.S	MissingDead
224	v2.6.38	v3.1	arch/h8300/platform/h8s/edosk2674/crt0_ram.S	MissingDead
224	v2.6.38	v3.1	arch/h8300/platform/h8300h/h8max/crt0_ram.S	MissingDead
224	v2.6.38	v3.1	arch/h8300/platform/h8300h/h8max/crt0_ram.S	MissingDead
224	v2.6.38	v3.1	arch/h8300/platform/h8300h/aki3068net/crt0_ram.S	MissingDead
224	v2.6.38	v3.1	arch/h8300/platform/h8300h/aki3068net/crt0_ram.S	MissingDead
224	v2.6.38	v3.1	arch/h8300/include/asm/io.h	MissingDead
224	v2.6.38	v3.1	arch/h8300/include/asm/io.h	MissingDead
224	v2.6.38	v3.1	arch/arm/mach-pxa/palmtc.c	MissingDead
224	v2.6.38	v3.1	arch/blackfin/mach-bf527/boards/ezkit.c	MissingDead
224	v2.6.38	v3.1	arch/h8300/platform/h8300h/generic/crt0_ram.S	MissingDead
224	v2.6.38	v3.1	arch/h8300/platform/h8300h/generic/crt0_ram.S	MissingDead
224	v2.6.38	v3.1	arch/h8300/kernel/setup.c	MissingDead
224	v2.6.38	v3.1	arch/h8300/kernel/setup.c	MissingDead
224	v2.6.38	v3.1	arch/h8300/kernel/setup.c	MissingDead
224	v2.6.38	v3.1	arch/h8300/kernel/setup.c	MissingDead
224	v2.6.38	v3.1	arch/h8300/kernel/setup.c	MissingDead
224	v2.6.38	v3.1	arch/h8300/platform/h8s/generic/crt0_ram.S	MissingUndead
224	v2.6.38	v3.1	arch/h8300/platform/h8s/edosk2674/crt0_ram.S	MissingUndead
224	v2.6.38	v3.1	arch/h8300/platform/h8300h/h8max/crt0_ram.S	MissingUndead
224	v2.6.38	v3.1	arch/h8300/platform/h8300h/generic/crt0_ram.S	MissingUndead
224	v2.6.38	v3.1	arch/h8300/platform/h8300h/aki3068net/crt0_ram.S	MissingUndead
224	v2.6.38	v3.1	arch/h8300/include/asm/io.h	MissingUndead
224	v2.6.38	v3.1	drivers/tty/serial/bfin_5xx.c	MissingDead
224	v2.6.38	v3.1	drivers/tty/serial/bfin_5xx.c	MissingDead
224	v2.6.38	v3.1	drivers/tty/serial/bfin_5xx.c	MissingDead
224	v2.6.38	v3.1	drivers/tty/serial/bfin_5xx.c	MissingDead
224	v2.6.38	v3.1	drivers/tty/serial/bfin_5xx.c	MissingDead
224	v2.6.38	v3.1	drivers/tty/serial/bfin_5xx.c	MissingDead
224	v2.6.38	v3.1	drivers/tty/serial/bfin_5xx.c	MissingDead
224	v2.6.38	v3.1	drivers/tty/serial/bfin_5xx.c	MissingDead
224	v2.6.38	v3.1	drivers/tty/serial/bfin_5xx.c	MissingDead
224	v2.6.38	v3.1	drivers/tty/serial/bfin_5xx.c	MissingDead
224	v2.6.38	v3.1	drivers/tty/serial/bfin_5xx.c	MissingDead
224	v2.6.38	v3.1	drivers/tty/serial/bfin_5xx.c	MissingDead
224	v2.6.38	v3.1	drivers/tty/serial/bfin_5xx.c	MissingDead
224	v2.6.38	v3.1	drivers/tty/serial/68360serial.c	MissingDead
224	v2.6.38	v3.1	drivers/tty/serial/68360serial.c	MissingDead
224	v2.6.38	v3.1	drivers/tty/serial/68360serial.c	MissingDead
224	v2.6.38	v3.1	drivers/tty/serial/68360serial.c	MissingDead
224	v2.6.38	v3.1	drivers/tty/serial/68360serial.c	MissingDead
224	v2.6.38	v3.1	drivers/tty/serial/68360serial.c	MissingDead
209	v3.1	v3.4	drivers/xen/xen-selfballoon.c	MissingDead
209	v3.1	v3.4	drivers/xen/xen-selfballoon.c	MissingDead
209	v3.1	v3.4	drivers/xen/xen-selfballoon.c	MissingDead
209	v3.1	v3.4	drivers/xen/xen-selfballoon.c	MissingDead
209	v3.1	v3.4	drivers/xen/xen-selfballoon.c	MissingDead
209	v3.1	v3.4	drivers/staging/zcache/zcache-main.c	MissingDead
209	v3.1	v3.4	drivers/staging/zcache/zcache-main.c	MissingDead
209	v3.1	v3.4	drivers/staging/zcache/zcache-main.c	MissingDead
209	v3.1	v3.4	drivers/staging/zcache/zcache-main.c	MissingDead
209	v3.1	v3.4	drivers/xen/xen-selfballoon.c	MissingDead
198	v2.6.37	v3.0	drivers/staging/msm/mdp_dma.c	MissingDead
198	v2.6.37	v3.0	drivers/staging/msm/mdp_dma.c	MissingDead
198	v2.6.37	v3.0	drivers/staging/msm/mdp_dma.c	MissingDead
198	v2.6.37	v3.0	drivers/staging/msm/mdp_dma.c	MissingDead
198	v2.6.37	v3.0	drivers/staging/msm/mdp4_overlay.c	MissingDead
198	v2.6.37	v3.0	drivers/staging/msm/mdp4_overlay.c	MissingDead
198	v2.6.37	v3.0	drivers/staging/msm/mdp_dma_lcdc.c	MissingDead
198	v2.6.37	v3.0	drivers/staging/msm/mdp_dma_lcdc.c	MissingDead
198	v2.6.37	v3.0	drivers/staging/msm/mdp_dma_lcdc.c	MissingDead
198	v2.6.37	v3.0	drivers/staging/msm/mdp_dma_lcdc.c	MissingDead
198	v2.6.37	v3.0	drivers/staging/msm/mdp_dma_lcdc.c	MissingDead
198	v2.6.37	v3.0	drivers/staging/msm/mdp_dma_lcdc.c	MissingDead
198	v2.6.37	v3.0	drivers/staging/msm/mdp_dma_lcdc.c	MissingDead
198	v2.6.37	v3.0	drivers/staging/msm/staging-devices.c	MissingDead
198	v2.6.37	v3.0	drivers/staging/msm/mdp4_overlay_lcdc.c	MissingDead
198	v2.6.37	v3.0	drivers/staging/msm/mdp4_overlay_lcdc.c	MissingDead
198	v2.6.37	v3.0	drivers/staging/msm/mdp_cursor.c	MissingDead
198	v2.6.37	v3.0	drivers/staging/msm/mdp_vsync.c	MissingDead
198	v2.6.37	v3.0	drivers/staging/msm/mdp4.h	MissingDead
198	v2.6.37	v3.0	drivers/usb/gadget/gadget_chips.h	MissingUndead
198	v2.6.37	v3.0	arch/blackfin/mach-bf518/boards/ezbrd.c	MissingDead
198	v2.6.37	v3.0	arch/blackfin/mach-bf537/boards/stamp.c	MissingDead
198	v2.6.37	v3.0	arch/blackfin/mach-bf537/boards/stamp.c	MissingDead
198	v2.6.37	v3.0	drivers/staging/brcm80211/brcmfmac/dhd_linux.c	MissingDead
198	v2.6.37	v3.0	drivers/staging/brcm80211/brcmfmac/dhd_linux.c	MissingDead
198	v2.6.37	v3.0	drivers/staging/brcm80211/brcmfmac/dhd_linux.c	MissingDead
198	v2.6.37	v3.0	drivers/staging/brcm80211/brcmfmac/dhd_linux.c	MissingDead
198	v2.6.37	v3.0	drivers/staging/brcm80211/brcmfmac/dhd_linux.c	MissingDead
198	v2.6.37	v3.0	drivers/staging/brcm80211/brcmfmac/dhd_linux.c	MissingDead
198	v2.6.37	v3.0	drivers/staging/brcm80211/brcmfmac/dhd_linux.c	MissingDead
198	v2.6.37	v3.0	drivers/staging/brcm80211/brcmfmac/dhd_linux.c	MissingDead
198	v2.6.37	v3.0	drivers/staging/brcm80211/brcmfmac/dhd_linux.c	MissingDead
198	v2.6.37	v3.0	drivers/staging/brcm80211/brcmfmac/dhd_linux.c	MissingDead
198	v2.6.37	v3.0	drivers/staging/brcm80211/brcmfmac/dhd_linux.c	MissingDead
198	v2.6.37	v3.0	drivers/staging/brcm80211/brcmfmac/dhd_linux.c	MissingDead
198	v2.6.37	v3.0	drivers/staging/brcm80211/brcmfmac/dhd_linux.c	MissingDead
198	v2.6.37	v3.0	drivers/staging/brcm80211/brcmfmac/dhd_linux.c	MissingDead
198	v2.6.37	v3.0	drivers/staging/brcm80211/brcmfmac/dhd_linux.c	MissingDead
198	v2.6.37	v3.0	drivers/staging/brcm80211/brcmfmac/dhd_linux.c	MissingDead
198	v2.6.37	v3.0	drivers/staging/brcm80211/brcmfmac/dhd_sdio.c	MissingDead
198	v2.6.37	v3.0	drivers/staging/brcm80211/brcmfmac/dhd_common.c	MissingDead
198	v2.6.37	v3.0	drivers/staging/brcm80211/brcmfmac/dhd_common.c	MissingDead
198	v2.6.37	v3.0	arch/blackfin/mach-bf537/boards/stamp.c	MissingDead
198	v2.6.37	v3.0	arch/blackfin/mach-bf537/boards/stamp.c	MissingDead
198	v2.6.37	v3.0	drivers/staging/msm/mdp.h	MissingDead
198	v2.6.37	v3.0	drivers/staging/msm/mdp.h	MissingDead
198	v2.6.37	v3.0	drivers/staging/msm/mdp.h	MissingDead
198	v2.6.37	v3.0	drivers/staging/msm/mdp.h	MissingDead
198	v2.6.37	v3.0	drivers/staging/msm/mdp.h	MissingDead
198	v2.6.37	v3.0	drivers/staging/msm/mdp.h	MissingDead
198	v2.6.37	v3.0	drivers/staging/msm/memory.c	MissingDead
198	v2.6.37	v3.0	drivers/staging/msm/memory.c	MissingDead
198	v2.6.37	v3.0	drivers/staging/msm/memory.c	MissingDead
198	v2.6.37	v3.0	drivers/staging/msm/memory.c	MissingDead
198	v2.6.37	v3.0	drivers/staging/msm/msm_fb.c	MissingDead
198	v2.6.37	v3.0	drivers/staging/msm/msm_fb.c	MissingDead
198	v2.6.37	v3.0	drivers/staging/msm/msm_fb.c	MissingDead
198	v2.6.37	v3.0	drivers/staging/msm/msm_fb.c	MissingDead
198	v2.6.37	v3.0	drivers/staging/msm/msm_fb.c	MissingDead
198	v2.6.37	v3.0	drivers/staging/msm/msm_fb.c	MissingDead
198	v2.6.37	v3.0	drivers/staging/msm/msm_fb.c	MissingDead
198	v2.6.37	v3.0	drivers/staging/msm/msm_fb.c	MissingDead
198	v2.6.37	v3.0	drivers/staging/msm/msm_fb.c	MissingDead
198	v2.6.37	v3.0	drivers/staging/msm/msm_fb.c	MissingDead
198	v2.6.37	v3.0	drivers/staging/msm/msm_fb.c	MissingDead
198	v2.6.37	v3.0	drivers/staging/msm/msm_fb.c	MissingDead
198	v2.6.37	v3.0	drivers/staging/msm/msm_fb.c	MissingDead
198	v2.6.37	v3.0	drivers/staging/msm/msm_fb.c	MissingDead
198	v2.6.37	v3.0	drivers/staging/msm/msm_fb.c	MissingDead
198	v2.6.37	v3.0	drivers/staging/msm/msm_fb.c	MissingDead
198	v2.6.37	v3.0	drivers/staging/msm/msm_fb.c	MissingDead
198	v2.6.37	v3.0	drivers/staging/msm/msm_fb.c	MissingDead
198	v2.6.37	v3.0	drivers/staging/msm/mddihosti.c	MissingDead
198	v2.6.37	v3.0	drivers/staging/msm/mddihosti.c	MissingDead
198	v2.6.37	v3.0	drivers/staging/msm/mddihosti.c	MissingDead
198	v2.6.37	v3.0	drivers/staging/msm/tv_pal.c	MissingDead
198	v2.6.37	v3.0	drivers/staging/msm/tv_pal.c	MissingDead
198	v2.6.37	v3.0	drivers/staging/msm/mdp.h	MissingDead
198	v2.6.37	v3.0	drivers/staging/msm/mdp.h	MissingDead
198	v2.6.37	v3.0	arch/arm/plat-s3c24xx/cpu.c	MissingDead
198	v2.6.37	v3.0	arch/arm/plat-s3c24xx/include/plat/s3c2400.h	MissingDead
198	v2.6.37	v3.0	arch/blackfin/mach-bf518/boards/ezbrd.c	MissingDead
198	v2.6.37	v3.0	arch/blackfin/mach-bf518/boards/ezbrd.c	MissingDead
198	v2.6.37	v3.0	arch/blackfin/mach-bf527/boards/tll6527m.c	MissingDead
198	v2.6.37	v3.0	arch/blackfin/mach-bf537/boards/stamp.c	MissingDead
198	v2.6.37	v3.0	drivers/staging/msm/mdp.h	MissingUndead
198	v2.6.37	v3.0	drivers/staging/msm/mdp.h	MissingUndead
198	v2.6.37	v3.0	drivers/usb/gadget/gadget_chips.h	MissingUndead
198	v2.6.37	v3.0	drivers/staging/msm/mdp.h	MissingUndead
198	v2.6.37	v3.0	drivers/staging/msm/mdp.h	MissingUndead
198	v2.6.37	v3.0	drivers/staging/msm/mdp.h	MissingUndead
198	v2.6.37	v3.0	arch/arm/mach-s3c2410/include/mach/regs-gpio.h	MissingDead
198	v2.6.37	v3.0	drivers/staging/msm/mdp.h	MissingUndead
198	v2.6.37	v3.0	drivers/staging/msm/mdp.h	MissingUndead
198	v2.6.37	v3.0	drivers/staging/msm/mdp4.h	MissingUndead
198	v2.6.37	v3.0	arch/arm/mach-msm/gpio.c	MissingDead
198	v2.6.37	v3.0	arch/blackfin/mach-bf527/boards/ezkit.c	MissingDead
198	v2.6.37	v3.0	arch/blackfin/mach-bf527/boards/tll6527m.c	MissingDead
198	v2.6.37	v3.0	arch/blackfin/mach-bf527/boards/ezkit.c	MissingDead
198	v2.6.37	v3.0	arch/blackfin/mach-bf527/boards/ezkit.c	MissingDead
198	v2.6.37	v3.0	arch/blackfin/mach-bf527/boards/ezkit.c	MissingDead
198	v2.6.37	v3.0	arch/blackfin/mach-bf527/boards/ezkit.c	MissingDead
198	v2.6.37	v3.0	arch/arm/mach-s3c2410/include/mach/regs-gpio.h	MissingUndead
198	v2.6.37	v3.0	arch/blackfin/mach-bf537/boards/stamp.c	MissingDead
198	v2.6.37	v3.0	fs/xfs/linux-2.6/xfs_buf.c	MissingDead
198	v2.6.37	v3.0	drivers/usb/gadget/gadget_chips.h	MissingDead
198	v2.6.37	v3.0	drivers/staging/msm/mdp_ppp.c	MissingDead
198	v2.6.37	v3.0	drivers/usb/gadget/gadget_chips.h	MissingDead
198	v2.6.37	v3.0	drivers/usb/gadget/gadget_chips.h	MissingDead
198	v2.6.37	v3.0	drivers/usb/gadget/gadget_chips.h	MissingDead
198	v2.6.37	v3.0	drivers/usb/gadget/gadget_chips.h	MissingUndead
198	v2.6.37	v3.0	drivers/usb/gadget/gadget_chips.h	MissingUndead
198	v2.6.37	v3.0	drivers/staging/msm/mdp_ppp.c	MissingDead
198	v2.6.37	v3.0	drivers/staging/msm/mdp_ppp.c	MissingDead
198	v2.6.37	v3.0	drivers/staging/msm/mdp.c	MissingDead
198	v2.6.37	v3.0	drivers/staging/msm/mdp.c	MissingDead
198	v2.6.37	v3.0	drivers/staging/msm/mdp.c	MissingDead
198	v2.6.37	v3.0	drivers/staging/msm/mdp.c	MissingDead
198	v2.6.37	v3.0	drivers/staging/msm/mdp.c	MissingDead
198	v2.6.37	v3.0	drivers/staging/msm/mdp.c	MissingDead
198	v2.6.37	v3.0	drivers/staging/msm/mdp.c	MissingDead
198	v2.6.37	v3.0	drivers/staging/msm/mdp.c	MissingDead
198	v2.6.37	v3.0	drivers/staging/msm/mdp.c	MissingDead
198	v2.6.37	v3.0	drivers/staging/msm/mdp.c	MissingDead
198	v2.6.37	v3.0	drivers/staging/msm/mdp.c	MissingDead
198	v2.6.37	v3.0	drivers/staging/msm/mdp.c	MissingDead
198	v2.6.37	v3.0	drivers/staging/msm/mdp.c	MissingDead
198	v2.6.37	v3.0	drivers/staging/msm/mdp.c	MissingDead
198	v2.6.37	v3.0	drivers/staging/msm/mdp.c	MissingDead
198	v2.6.37	v3.0	drivers/staging/msm/mdp.c	MissingDead
198	v2.6.37	v3.0	drivers/staging/msm/mdp.c	MissingDead
198	v2.6.37	v3.0	drivers/staging/msm/mdp.c	MissingDead
198	v2.6.37	v3.0	drivers/staging/msm/mdp.c	MissingDead
198	v2.6.37	v3.0	drivers/staging/msm/mdp.c	MissingDead
198	v2.6.37	v3.0	drivers/staging/msm/mdp.c	MissingDead
198	v2.6.37	v3.0	drivers/staging/msm/mdp.c	MissingDead
198	v2.6.37	v3.0	drivers/staging/msm/mdp.c	MissingDead
198	v2.6.37	v3.0	drivers/staging/msm/mdp.c	MissingDead
196	v3.3	v3.6	arch/arm/plat-samsung/include/plat/sdhci.h	MissingDead
196	v3.3	v3.6	arch/arm/plat-samsung/include/plat/sdhci.h	MissingDead
196	v3.3	v3.6	arch/arm/plat-samsung/include/plat/sdhci.h	MissingDead
196	v3.3	v3.6	arch/arm/plat-samsung/include/plat/sdhci.h	MissingUndead
196	v3.3	v3.6	drivers/tty/serial/bfin_uart.c	MissingDead
196	v3.3	v3.6	drivers/devfreq/exynos4_bus.c	MissingDead
196	v3.3	v3.6	arch/arm/plat-samsung/include/plat/sdhci.h	MissingDead
196	v3.3	v3.6	arch/arm/plat-samsung/include/plat/sdhci.h	MissingDead
196	v3.3	v3.6	arch/arm/mach-msm/board-trout-gpio.c	MissingDead
196	v3.3	v3.6	arch/powerpc/mm/icswx.c	MissingDead
196	v3.3	v3.6	drivers/tty/serial/serial_core.c	MissingDead
196	v3.3	v3.6	drivers/devfreq/exynos4_bus.c	MissingDead
196	v3.3	v3.6	drivers/devfreq/exynos4_bus.c	MissingDead
167	v3.0	v3.2	arch/arm/plat-omap/cpu-omap.c	MissingDead
159	v2.6.39	v3.1	drivers/net/cs89x0.c	MissingDead
159	v2.6.39	v3.1	drivers/staging/ath6kl/os/linux/ar6000_drv.c	MissingDead
159	v2.6.39	v3.1	drivers/net/cs89x0.c	MissingDead
137	v3.2	v3.4	drivers/staging/serial/68360serial.c	MissingDead
137	v3.2	v3.4	drivers/staging/serial/68360serial.c	MissingDead
137	v3.2	v3.4	drivers/staging/serial/68360serial.c	MissingDead
137	v3.2	v3.4	drivers/net/wireless/libertas/if_usb.c	MissingDead
137	v3.2	v3.4	drivers/staging/serial/68360serial.c	MissingDead
137	v3.2	v3.4	drivers/staging/serial/68360serial.c	MissingDead
137	v3.2	v3.4	drivers/staging/serial/68360serial.c	MissingDead
137	v3.2	v3.4	drivers/staging/serial/68360serial.c	MissingDead
134	v2.6.37	v2.6.39	drivers/staging/ath6kl/os/linux/ioctl.c	MissingDead
134	v2.6.37	v2.6.39	include/linux/fscache-cache.h	MissingDead
134	v2.6.37	v2.6.39	drivers/staging/ath6kl/wmi/wmi.c	MissingDead
134	v2.6.37	v2.6.39	drivers/staging/ath6kl/wmi/wmi.c	MissingDead
134	v2.6.37	v2.6.39	drivers/staging/ath6kl/wmi/wmi.c	MissingDead
134	v2.6.37	v2.6.39	drivers/staging/ath6kl/wmi/wmi.c	MissingDead
134	v2.6.37	v2.6.39	drivers/staging/ath6kl/wmi/wmi.c	MissingDead
134	v2.6.37	v2.6.39	drivers/staging/ath6kl/wmi/wmi.c	MissingDead
134	v2.6.37	v2.6.39	drivers/staging/ath6kl/include/a_drv_api.h	MissingDead
134	v2.6.37	v2.6.39	drivers/staging/ath6kl/include/a_drv_api.h	MissingDead
134	v2.6.37	v2.6.39	drivers/staging/ath6kl/include/a_drv_api.h	MissingDead
134	v2.6.37	v2.6.39	drivers/staging/ath6kl/include/a_drv_api.h	MissingDead
134	v2.6.37	v2.6.39	drivers/staging/ath6kl/include/common/btcoexGpio.h	MissingDead
134	v2.6.37	v2.6.39	drivers/staging/ath6kl/miscdrv/common_drv.c	MissingDead
134	v2.6.37	v2.6.39	drivers/staging/ath6kl/os/linux/ar6000_drv.c	MissingDead
134	v2.6.37	v2.6.39	drivers/staging/ath6kl/os/linux/ar6000_drv.c	MissingDead
134	v2.6.37	v2.6.39	drivers/staging/ath6kl/os/linux/ar6000_drv.c	MissingDead
134	v2.6.37	v2.6.39	drivers/staging/ath6kl/os/linux/ar6000_drv.c	MissingDead
134	v2.6.37	v2.6.39	drivers/staging/ath6kl/os/linux/ar6000_drv.c	MissingDead
134	v2.6.37	v2.6.39	drivers/staging/ath6kl/os/linux/ar6000_drv.c	MissingDead
134	v2.6.37	v2.6.39	drivers/staging/ath6kl/os/linux/ar6000_drv.c	MissingDead
134	v2.6.37	v2.6.39	drivers/staging/ath6kl/os/linux/ar6000_drv.c	MissingDead
134	v2.6.37	v2.6.39	drivers/staging/ath6kl/os/linux/ar6000_android.c	MissingDead
134	v2.6.37	v2.6.39	drivers/staging/ath6kl/os/linux/ar6000_android.c	MissingDead
134	v2.6.37	v2.6.39	drivers/staging/ath6kl/os/linux/ar6000_android.c	MissingDead
134	v2.6.37	v2.6.39	drivers/staging/ath6kl/os/linux/ar6000_android.c	MissingDead
134	v2.6.37	v2.6.39	drivers/staging/ath6kl/os/linux/ar6000_android.c	MissingDead
134	v2.6.37	v2.6.39	drivers/staging/ath6kl/os/linux/ar6000_android.c	MissingDead
134	v2.6.37	v2.6.39	drivers/staging/ath6kl/os/linux/ar6000_android.c	MissingDead
134	v2.6.37	v2.6.39	drivers/staging/ath6kl/os/linux/ioctl.c	MissingDead
134	v2.6.37	v2.6.39	drivers/staging/ath6kl/os/linux/ioctl.c	MissingDead
134	v2.6.37	v2.6.39	drivers/staging/ath6kl/os/linux/ioctl.c	MissingDead
134	v2.6.37	v2.6.39	drivers/staging/ath6kl/os/linux/ioctl.c	MissingDead
134	v2.6.37	v2.6.39	drivers/staging/ath6kl/os/linux/ioctl.c	MissingDead
134	v2.6.37	v2.6.39	drivers/staging/ath6kl/os/linux/ioctl.c	MissingDead
134	v2.6.37	v2.6.39	drivers/staging/ath6kl/os/linux/ioctl.c	MissingDead
134	v2.6.37	v2.6.39	drivers/staging/ath6kl/os/linux/include/ar6000_drv.h	MissingDead
134	v2.6.37	v2.6.39	drivers/staging/ath6kl/os/linux/include/osapi_linux.h	MissingDead
134	v2.6.37	v2.6.39	drivers/staging/ath6kl/os/linux/include/osapi_linux.h	MissingDead
134	v2.6.37	v2.6.39	drivers/net/wireless/ath/ath9k/ath9k.h	MissingDead
134	v2.6.37	v2.6.39	arch/powerpc/kernel/head_32.S	MissingDead
134	v2.6.37	v2.6.39	arch/arm/mach-at91/at572d940hf_devices.c	MissingDead
134	v2.6.37	v2.6.39	arch/blackfin/kernel/traps.c	MissingDead
134	v2.6.37	v2.6.39	arch/blackfin/mach-common/ints-priority.c	MissingDead
134	v2.6.37	v2.6.39	arch/blackfin/mach-common/ints-priority.c	MissingDead
134	v2.6.37	v2.6.39	arch/blackfin/mach-common/ints-priority.c	MissingDead
134	v2.6.37	v2.6.39	arch/blackfin/mach-common/ints-priority.c	MissingDead
134	v2.6.37	v2.6.39	arch/blackfin/mach-bf537/boards/stamp.c	MissingDead
134	v2.6.37	v2.6.39	arch/blackfin/mach-bf537/boards/stamp.c	MissingDead
134	v2.6.37	v2.6.39	arch/blackfin/mach-bf537/boards/stamp.c	MissingDead
134	v2.6.37	v2.6.39	arch/blackfin/mach-bf537/boards/stamp.c	MissingDead
134	v2.6.37	v2.6.39	mm/slub.c	MissingDead
134	v2.6.37	v2.6.39	include/linux/fscache-cache.h	MissingUndead
134	v2.6.37	v2.6.39	drivers/staging/ath6kl/include/common/btcoexGpio.h	MissingUndead
134	v2.6.37	v2.6.39	drivers/staging/ath6kl/os/linux/include/ar6000_drv.h	MissingUndead
134	v2.6.37	v2.6.39	drivers/staging/ath6kl/os/linux/include/osapi_linux.h	MissingUndead
134	v2.6.37	v2.6.39	drivers/net/wireless/ath/ath9k/ath9k.h	MissingUndead
133	v3.4	v3.6	arch/x86/vdso/vdso32-setup.c	MissingDead
133	v3.4	v3.6	arch/blackfin/mach-bf537/boards/stamp.c	MissingDead
133	v3.4	v3.6	arch/blackfin/mach-bf537/boards/stamp.c	MissingDead
133	v3.4	v3.6	drivers/staging/ramster/cluster/masklog.h	MissingUndead
133	v3.4	v3.6	arch/x86/kernel/signal.c	MissingUndead
133	v3.4	v3.6	arch/x86/include/asm/unistd.h	MissingUndead
133	v3.4	v3.6	arch/x86/include/asm/fpu-internal.h	MissingUndead
133	v3.4	v3.6	arch/x86/include/asm/fpu-internal.h	MissingUndead
133	v3.4	v3.6	arch/x86/include/asm/fpu-internal.h	MissingUndead
133	v3.4	v3.6	arch/x86/include/asm/compat.h	MissingUndead
133	v3.4	v3.6	drivers/staging/ramster/cluster/masklog.h	MissingDead
133	v3.4	v3.6	drivers/tty/serial/efm32-uart.c	MissingDead
133	v3.4	v3.6	drivers/tty/serial/efm32-uart.c	MissingDead
133	v3.4	v3.6	drivers/iommu/tegra-smmu.c	MissingDead
133	v3.4	v3.6	arch/x86/kernel/ptrace.c	MissingDead
133	v3.4	v3.6	arch/x86/kernel/ptrace.c	MissingDead
133	v3.4	v3.6	fs/cifs/cifsproto.h	MissingDead
133	v3.4	v3.6	arch/x86/kernel/signal.c	MissingDead
133	v3.4	v3.6	arch/x86/kernel/signal.c	MissingDead
133	v3.4	v3.6	arch/x86/kernel/signal.c	MissingDead
133	v3.4	v3.6	fs/cifs/cifsproto.h	MissingDead
133	v3.4	v3.6	arch/x86/kernel/asm-offsets_64.c	MissingDead
133	v3.4	v3.6	include/linux/mfd/dbx500-prcmu.h	MissingDead
133	v3.4	v3.6	arch/x86/kernel/syscall_64.c	MissingDead
133	v3.4	v3.6	arch/x86/include/asm/compat.h	MissingDead
133	v3.4	v3.6	arch/x86/include/asm/compat.h	MissingDead
133	v3.4	v3.6	arch/x86/include/asm/unistd.h	MissingDead
133	v3.4	v3.6	arch/x86/include/asm/fpu-internal.h	MissingDead
133	v3.4	v3.6	arch/x86/include/asm/fpu-internal.h	MissingDead
133	v3.4	v3.6	arch/x86/include/asm/fpu-internal.h	MissingDead
133	v3.4	v3.6	arch/x86/include/asm/sigframe.h	MissingDead
133	v3.4	v3.6	drivers/staging/ramster/cluster/tcp.c	MissingDead
133	v3.4	v3.6	drivers/staging/ramster/cluster/tcp_internal.h	MissingDead
129	v2.6.38	v3.0	drivers/tty/serial/sh-sci.h	MissingDead
129	v2.6.38	v3.0	drivers/tty/serial/sh-sci.h	MissingDead
129	v2.6.38	v3.0	drivers/tty/serial/sh-sci.h	MissingDead
129	v2.6.38	v3.0	drivers/tty/serial/sh-sci.h	MissingDead
129	v2.6.38	v3.0	drivers/staging/brcm80211/include/bcmutils.h	MissingDead
129	v2.6.38	v3.0	drivers/staging/brcm80211/include/bcmutils.h	MissingUndead
129	v2.6.38	v3.0	drivers/tty/serial/sh-sci.h	MissingDead
129	v2.6.38	v3.0	drivers/tty/serial/sh-sci.h	MissingDead
125	v3.3	v3.5	include/linux/mmzone.h	MissingUndead
125	v3.3	v3.5	arch/arm/mach-u300/include/mach/irqs.h	MissingUndead
125	v3.3	v3.5	arch/arm/mach-u300/include/mach/irqs.h	MissingDead
125	v3.3	v3.5	include/linux/mmzone.h	MissingDead
95	v3.0	v3.1	include/linux/mfd/db5500-prcmu.h	MissingDead
95	v3.0	v3.1	include/linux/mfd/db8500-prcmu.h	MissingDead
95	v3.0	v3.1	drivers/staging/ath6kl/wmi/wmi.c	MissingDead
95	v3.0	v3.1	include/linux/mfd/db8500-prcmu.h	MissingUndead
95	v3.0	v3.1	include/linux/mfd/db5500-prcmu.h	MissingUndead
74	v3.2	v3.3	arch/microblaze/mm/init.c	MissingUndead
74	v3.2	v3.3	include/linux/mfd/dbx500-prcmu.h	MissingDead
74	v3.2	v3.3	drivers/net/ethernet/cirrus/cs89x0.c	MissingDead
74	v3.2	v3.3	drivers/net/ethernet/cirrus/cs89x0.c	MissingDead
74	v3.2	v3.3	arch/microblaze/mm/init.c	MissingDead
72	v3.1	v3.2	arch/arm/mach-ux500/usb.c	MissingDead
72	v3.1	v3.2	arch/arm/mach-ux500/usb.c	MissingDead
71	v3.5	v3.6	sound/soc/ux500/ux500_msp_dai.h	MissingUndead
71	v3.5	v3.6	drivers/net/ethernet/cirrus/cs89x0.c	MissingDead
71	v3.5	v3.6	drivers/net/ethernet/cirrus/cs89x0.c	MissingDead
71	v3.5	v3.6	drivers/net/ethernet/cirrus/cs89x0.c	MissingDead
71	v3.5	v3.6	arch/x86/include/asm/xor_avx.h	MissingUndead
71	v3.5	v3.6	arch/blackfin/kernel/time.c	MissingUndead
71	v3.5	v3.6	drivers/net/ethernet/cirrus/cs89x0.c	MissingDead
71	v3.5	v3.6	arch/arm/mach-davinci/include/mach/debug-macro.S	MissingDead
71	v3.5	v3.6	arch/x86/include/asm/xor_avx.h	MissingDead
71	v3.5	v3.6	drivers/scsi/qla2xxx/qla_target.c	MissingDead
71	v3.5	v3.6	drivers/scsi/qla2xxx/qla_target.c	MissingDead
71	v3.5	v3.6	sound/soc/ux500/ux500_msp_dai.h	MissingDead
71	v3.5	v3.6	arch/arm/mach-exynos/dev-sysmmu.c	MissingDead
71	v3.5	v3.6	arch/blackfin/mach-bf537/boards/stamp.c	MissingDead
71	v3.5	v3.6	arch/blackfin/mach-bf537/boards/stamp.c	MissingDead
69	v2.6.37	v2.6.38	drivers/staging/rtl8192e/r8192E_core.c	MissingDead
69	v2.6.37	v2.6.38	arch/blackfin/include/asm/ipipe.h	MissingDead
69	v2.6.37	v2.6.38	drivers/staging/rtl8192e/r8192E_core.c	MissingDead
69	v2.6.37	v2.6.38	drivers/mfd/twl-core.c	MissingDead
69	v2.6.37	v2.6.38	arch/blackfin/include/asm/ipipe.h	MissingDead
69	v2.6.37	v2.6.38	drivers/media/dvb/frontends/dib0090.c	MissingDead
69	v2.6.37	v2.6.38	drivers/media/dvb/frontends/dib0090.c	MissingDead
69	v2.6.37	v2.6.38	drivers/media/dvb/frontends/dib0090.c	MissingDead
69	v2.6.37	v2.6.38	drivers/staging/rtl8192e/r8192E_core.c	MissingDead
69	v2.6.37	v2.6.38	drivers/mtd/nand/omap2.c	MissingDead
69	v2.6.37	v2.6.38	drivers/mtd/nand/omap2.c	MissingDead
69	v2.6.37	v2.6.38	drivers/staging/rtl8192e/ieee80211/ieee80211_rx.c	MissingDead
69	v2.6.37	v2.6.38	drivers/media/dvb/frontends/dib0090.c	MissingDead
69	v2.6.37	v2.6.38	drivers/media/dvb/frontends/dib0090.c	MissingDead
69	v2.6.37	v2.6.38	drivers/staging/brcm80211/brcmfmac/dhd.h	MissingDead
69	v2.6.37	v2.6.38	drivers/char/amiserial.c	MissingDead
69	v2.6.37	v2.6.38	drivers/media/dvb/frontends/dib0090.c	MissingDead
69	v2.6.37	v2.6.38	arch/blackfin/include/asm/irqflags.h	MissingUndead
69	v2.6.37	v2.6.38	drivers/staging/ath6kl/os/linux/ar6000_pm.c	MissingDead
69	v2.6.37	v2.6.38	drivers/staging/ath6kl/os/linux/ar6000_pm.c	MissingDead
69	v2.6.37	v2.6.38	drivers/staging/ath6kl/os/linux/ar6000_pm.c	MissingDead
69	v2.6.37	v2.6.38	drivers/media/dvb/frontends/dib0090.c	MissingDead
69	v2.6.37	v2.6.38	drivers/media/dvb/frontends/dib0090.c	MissingDead
69	v2.6.37	v2.6.38	drivers/media/dvb/frontends/dib0090.c	MissingDead
69	v2.6.37	v2.6.38	drivers/staging/brcm80211/brcmfmac/dhd.h	MissingDead
69	v2.6.37	v2.6.38	drivers/media/dvb/frontends/dib0090.c	MissingDead
69	v2.6.37	v2.6.38	drivers/staging/ath6kl/os/linux/ar6000_pm.c	MissingDead
69	v2.6.37	v2.6.38	drivers/staging/brcm80211/brcmfmac/dhd.h	MissingDead
69	v2.6.37	v2.6.38	drivers/staging/ath6kl/os/linux/ar6000_pm.c	MissingDead
69	v2.6.37	v2.6.38	drivers/staging/ath6kl/os/linux/ar6000_pm.c	MissingDead
69	v2.6.37	v2.6.38	drivers/staging/rtl8192e/r8192E_core.c	MissingDead
69	v2.6.37	v2.6.38	drivers/staging/ath6kl/os/linux/ar6000_pm.c	MissingDead
69	v2.6.37	v2.6.38	drivers/staging/ath6kl/os/linux/ar6000_android.c	MissingDead
69	v2.6.37	v2.6.38	drivers/staging/rtl8192e/r8192E_core.c	MissingDead
69	v2.6.37	v2.6.38	drivers/staging/brcm80211/brcmfmac/dhd.h	MissingDead
69	v2.6.37	v2.6.38	drivers/staging/brcm80211/brcmfmac/dhd.h	MissingDead
69	v2.6.37	v2.6.38	drivers/staging/ath6kl/os/linux/ar6000_android.c	MissingDead
69	v2.6.37	v2.6.38	drivers/staging/ath6kl/os/linux/ar6000_android.c	MissingDead
69	v2.6.37	v2.6.38	drivers/staging/ath6kl/os/linux/ar6000_android.c	MissingDead
69	v2.6.37	v2.6.38	drivers/staging/brcm80211/brcmfmac/dhd.h	MissingDead
69	v2.6.37	v2.6.38	drivers/staging/ath6kl/os/linux/ar6000_android.c	MissingDead
69	v2.6.37	v2.6.38	drivers/staging/ath6kl/os/linux/ar6000_android.c	MissingDead
69	v2.6.37	v2.6.38	drivers/media/dvb/frontends/dib0090.c	MissingDead
69	v2.6.37	v2.6.38	drivers/media/dvb/frontends/dib0090.c	MissingDead
69	v2.6.37	v2.6.38	arch/arm/mach-omap2/devices.c	MissingDead
69	v2.6.37	v2.6.38	drivers/media/dvb/frontends/dib0090.c	MissingDead
69	v2.6.37	v2.6.38	drivers/media/dvb/frontends/dib0090.c	MissingDead
69	v2.6.37	v2.6.38	drivers/staging/ath6kl/os/linux/ar6000_android.c	MissingDead
69	v2.6.37	v2.6.38	drivers/staging/brcm80211/brcmfmac/dhd.h	MissingDead
69	v2.6.37	v2.6.38	drivers/media/dvb/frontends/dib0090.c	MissingDead
69	v2.6.37	v2.6.38	drivers/media/dvb/frontends/dib0090.c	MissingDead
64	v2.6.39	v3.0	drivers/staging/zcache/zcache.c	MissingDead
64	v2.6.39	v3.0	drivers/staging/zcache/zcache.c	MissingDead
64	v2.6.39	v3.0	drivers/staging/zcache/zcache.c	MissingDead
62	v3.4	v3.5	drivers/usb/host/ehci-hcd.c	MissingDead
62	v3.4	v3.5	drivers/net/wireless/iwlwifi/iwl-trans-pcie-rx.c	MissingDead
62	v3.4	v3.5	drivers/net/wireless/iwlwifi/iwl-trans-pcie-rx.c	MissingDead
0	v2.6.37	v2.6.37	sound/core/timer.c	MissingDead
0	v3.2	v3.2	drivers/tty/serial/bfin_uart.c	MissingDead
0	v3.2	v3.2	drivers/tty/serial/bfin_uart.c	MissingDead
0	v3.2	v3.2	drivers/tty/serial/bfin_uart.c	MissingDead
0	v3.2	v3.2	drivers/tty/serial/bfin_uart.c	MissingDead
0	v3.2	v3.2	drivers/staging/media/as102/as102_drv.h	MissingDead
0	v3.2	v3.2	drivers/staging/media/as102/as102_drv.h	MissingDead
0	v3.6	v3.6	drivers/staging/omap-thermal/omap-thermal.h	MissingUndead
0	v3.6	v3.6	arch/blackfin/mach-common/ints-priority.c	MissingUndead
0	v3.2	v3.2	drivers/staging/media/as102/as102_drv.h	MissingDead
0	v3.3	v3.3	arch/blackfin/mach-bf518/boards/ezbrd.c	MissingUndead
0	v3.3	v3.3	arch/blackfin/mach-bf538/boards/ezkit.c	MissingUndead
0	v3.3	v3.3	arch/blackfin/mach-bf538/boards/ezkit.c	MissingUndead
0	v3.3	v3.3	arch/blackfin/mach-bf538/boards/ezkit.c	MissingUndead
0	v3.3	v3.3	arch/blackfin/mach-bf538/boards/ezkit.c	MissingUndead
0	v3.3	v3.3	arch/blackfin/mach-bf538/boards/ezkit.c	MissingUndead
0	v3.2	v3.2	include/linux/clk.h	MissingUndead
0	v3.2	v3.2	include/linux/clk.h	MissingUndead
0	v3.2	v3.2	drivers/staging/media/as102/as102_drv.h	MissingDead
0	v3.2	v3.2	drivers/staging/media/as102/as102_drv.h	MissingDead
0	v3.2	v3.2	drivers/staging/media/as102/as102_drv.h	MissingDead
0	v3.2	v3.2	drivers/staging/media/as102/as102_drv.h	MissingDead
0	v3.0	v3.0	drivers/usb/renesas_usbhs/mod.h	MissingUndead
0	v3.2	v3.2	drivers/staging/media/as102/as102_drv.h	MissingDead
0	v3.2	v3.2	drivers/staging/media/as102/as102_drv.c	MissingDead
0	v3.2	v3.2	drivers/staging/media/as102/as102_drv.c	MissingDead
0	v3.2	v3.2	drivers/staging/media/as102/as102_drv.c	MissingDead
0	v3.2	v3.2	drivers/staging/media/as102/as102_drv.c	MissingDead
0	v3.2	v3.2	drivers/staging/media/as102/as102_drv.c	MissingDead
0	v3.2	v3.2	drivers/staging/media/as102/as102_drv.c	MissingDead
0	v3.2	v3.2	drivers/staging/rtl8192e/rtl_core.c	MissingDead
0	v3.2	v3.2	include/linux/clk.h	MissingDead
0	v3.2	v3.2	include/linux/clk.h	MissingDead
0	v3.3	v3.3	arch/blackfin/mach-bf538/boards/ezkit.c	MissingDead
0	v3.3	v3.3	arch/blackfin/mach-bf538/boards/ezkit.c	MissingDead
0	v3.3	v3.3	arch/blackfin/mach-bf538/boards/ezkit.c	MissingDead
0	v3.3	v3.3	arch/blackfin/mach-bf561/boards/acvilon.c	MissingDead
0	v3.3	v3.3	arch/blackfin/mach-bf561/boards/acvilon.c	MissingDead
0	v3.3	v3.3	arch/blackfin/mach-bf537/boards/dnp5370.c	MissingUndead
0	v3.3	v3.3	arch/blackfin/mach-bf537/boards/dnp5370.c	MissingUndead
0	v3.3	v3.3	arch/blackfin/mach-bf537/boards/dnp5370.c	MissingUndead
0	v3.3	v3.3	arch/blackfin/mach-bf537/boards/dnp5370.c	MissingUndead
0	v3.6	v3.6	drivers/tty/serial/8250/8250.h	MissingDead
0	v3.0	v3.0	drivers/usb/gadget/gadget_chips.h	MissingUndead
0	v2.6.37	v2.6.37	drivers/xen/xenbus/xenbus_probe.h	MissingUndead
0	v3.6	v3.6	drivers/staging/omap-thermal/omap-thermal.h	MissingDead
0	v3.6	v3.6	drivers/usb/host/ohci-hcd.c	MissingDead
0	v3.4	v3.4	drivers/net/wireless/iwlwifi/iwl-pci.c	MissingDead
0	v3.5	v3.5	drivers/net/wireless/iwlwifi/iwl-pci.c	MissingDead
0	v3.4	v3.4	drivers/net/ethernet/renesas/sh_eth.c	MissingDead
0	v2.6.37	v2.6.37	drivers/staging/brcm80211/include/linux_osl.h	MissingUndead
0	v3.6	v3.6	drivers/mtd/maps/wr_sbc82xx_flash.c	MissingDead
0	v3.4	v3.4	drivers/staging/ramster/zcache-main.c	MissingDead
0	v3.4	v3.4	drivers/staging/ramster/zcache-main.c	MissingDead
0	v3.4	v3.4	drivers/staging/ramster/zcache-main.c	MissingDead
0	v3.4	v3.4	drivers/staging/ramster/zcache-main.c	MissingDead
0	v3.4	v3.4	drivers/staging/ramster/zcache-main.c	MissingDead
0	v3.4	v3.4	drivers/staging/ramster/zcache-main.c	MissingDead
0	v3.5	v3.5	drivers/usb/host/ehci-hcd.c	MissingDead
0	v2.6.37	v2.6.37	arch/arm/mach-omap2/omap-iommu.c	MissingDead
0	v3.1	v3.1	arch/arm/mach-at91/at91sam9263_devices.c	MissingDead
0	v2.6.37	v2.6.37	arch/m68knommu/kernel/setup.c	MissingDead
0	v2.6.37	v2.6.37	arch/powerpc/kernel/process.c	MissingDead
0	v3.4	v3.4	arch/powerpc/kernel/irq.c	MissingDead
0	v2.6.37	v2.6.37	drivers/net/wireless/rt2x00/rt2800pci.c	MissingDead
0	v2.6.37	v2.6.37	drivers/net/wireless/rt2x00/rt2800pci.c	MissingDead
0	v2.6.37	v2.6.37	drivers/net/wireless/rt2x00/rt2800pci.c	MissingDead
0	v2.6.37	v2.6.37	drivers/net/wireless/rt2x00/rt2800pci.c	MissingDead
0	v2.6.37	v2.6.37	drivers/net/wireless/rt2x00/rt2800pci.c	MissingDead
0	v2.6.37	v2.6.37	drivers/net/stmmac/stmmac.h	MissingDead
0	v2.6.37	v2.6.37	drivers/staging/brcm80211/include/linux_osl.h	MissingDead
0	v3.6	v3.6	arch/blackfin/mach-common/ints-priority.c	MissingDead
0	v3.6	v3.6	arch/blackfin/mach-common/ints-priority.c	MissingDead
0	v3.5	v3.5	drivers/net/ethernet/nxp/lpc_eth.c	MissingDead
0	v3.5	v3.5	drivers/net/ethernet/nxp/lpc_eth.c	MissingDead
0	v3.3	v3.3	arch/blackfin/mach-bf527/boards/tll6527m.c	MissingDead
0	v3.3	v3.3	arch/blackfin/mach-bf527/boards/tll6527m.c	MissingDead
0	v3.6	v3.6	drivers/mtd/maps/wr_sbc82xx_flash.c	MissingDead
0	v2.6.37	v2.6.37	arch/blackfin/mach-bf527/boards/tll6527m.c	MissingDead
0	v3.3	v3.3	arch/blackfin/mach-bf527/boards/ezkit.c	MissingDead
0	v3.3	v3.3	arch/blackfin/mach-bf527/boards/ezkit.c	MissingDead
0	v2.6.37	v2.6.37	arch/blackfin/mach-bf527/boards/ezkit.c	MissingDead
0	v3.3	v3.3	arch/blackfin/mach-bf518/boards/ezbrd.c	MissingDead
0	v3.3	v3.3	arch/blackfin/mach-bf518/boards/ezbrd.c	MissingDead
0	v3.3	v3.3	arch/blackfin/mach-bf518/boards/ezbrd.c	MissingDead
0	v2.6.37	v2.6.37	drivers/serial/crisv10.c	MissingDead
0	v2.6.37	v2.6.37	drivers/serial/crisv10.c	MissingDead
0	v2.6.37	v2.6.37	drivers/serial/bfin_sport_uart.c	MissingDead
0	v2.6.37	v2.6.37	drivers/serial/bfin_sport_uart.c	MissingDead
0	v2.6.37	v2.6.37	drivers/serial/bfin_sport_uart.c	MissingDead
0	v2.6.37	v2.6.37	drivers/serial/bfin_sport_uart.c	MissingDead
0	v2.6.37	v2.6.37	drivers/serial/bfin_sport_uart.c	MissingDead
0	v2.6.37	v2.6.37	drivers/serial/bfin_sport_uart.c	MissingDead
0	v2.6.37	v2.6.37	drivers/serial/bfin_sport_uart.c	MissingDead
0	v2.6.37	v2.6.37	drivers/serial/68360serial.c	MissingDead
0	v2.6.37	v2.6.37	drivers/serial/68360serial.c	MissingDead
0	v2.6.37	v2.6.37	drivers/serial/68360serial.c	MissingDead
0	v2.6.37	v2.6.37	drivers/serial/68360serial.c	MissingDead
0	v2.6.37	v2.6.37	drivers/serial/68360serial.c	MissingDead
0	v2.6.37	v2.6.37	drivers/serial/68360serial.c	MissingDead
0	v2.6.37	v2.6.37	drivers/serial/68360serial.c	MissingDead
0	v2.6.37	v2.6.37	drivers/serial/bfin_5xx.c	MissingDead
0	v2.6.37	v2.6.37	drivers/serial/bfin_5xx.c	MissingDead
0	v3.3	v3.3	arch/blackfin/mach-bf537/boards/stamp.c	MissingDead
0	v3.3	v3.3	arch/blackfin/mach-bf537/boards/stamp.c	MissingDead
0	v3.3	v3.3	arch/blackfin/mach-bf537/boards/stamp.c	MissingDead
0	v3.3	v3.3	arch/blackfin/mach-bf537/boards/stamp.c	MissingDead
0	v3.3	v3.3	arch/blackfin/mach-bf537/boards/stamp.c	MissingDead
0	v2.6.37	v2.6.37	drivers/serial/bfin_5xx.c	MissingDead
0	v2.6.37	v2.6.37	drivers/serial/bfin_5xx.c	MissingDead
0	v2.6.37	v2.6.37	drivers/serial/bfin_5xx.c	MissingDead
0	v2.6.37	v2.6.37	drivers/serial/bfin_5xx.c	MissingDead
0	v2.6.37	v2.6.37	drivers/serial/bfin_5xx.c	MissingDead
0	v2.6.37	v2.6.37	drivers/serial/bfin_5xx.c	MissingDead
0	v2.6.37	v2.6.37	drivers/serial/bfin_5xx.c	MissingDead
0	v2.6.37	v2.6.37	drivers/serial/bfin_5xx.c	MissingDead
0	v2.6.37	v2.6.37	arch/blackfin/mach-bf537/boards/stamp.c	MissingDead
0	v2.6.37	v2.6.37	arch/blackfin/mach-bf537/boards/stamp.c	MissingDead
0	v2.6.37	v2.6.37	drivers/serial/bfin_5xx.c	MissingDead
0	v2.6.37	v2.6.37	arch/blackfin/mach-bf537/boards/stamp.c	MissingDead
0	v2.6.37	v2.6.37	drivers/serial/bfin_5xx.c	MissingDead
0	v2.6.37	v2.6.37	arch/blackfin/mach-bf537/boards/stamp.c	MissingDead
0	v2.6.37	v2.6.37	drivers/xen/xenbus/xenbus_probe.h	MissingDead
0	v2.6.37	v2.6.37	arch/blackfin/mach-bf537/boards/stamp.c	MissingDead
0	v2.6.37	v2.6.37	arch/blackfin/mach-bf537/boards/stamp.c	MissingDead
0	v2.6.37	v2.6.37	arch/blackfin/mach-bf537/boards/stamp.c	MissingDead
0	v2.6.37	v2.6.37	arch/blackfin/mach-bf537/boards/stamp.c	MissingDead
0	v2.6.37	v2.6.37	arch/blackfin/mach-bf537/boards/stamp.c	MissingDead
0	v2.6.37	v2.6.37	arch/blackfin/mach-bf537/boards/stamp.c	MissingDead
0	v3.0	v3.0	drivers/usb/gadget/gadget_chips.h	MissingDead
0	v2.6.37	v2.6.37	arch/blackfin/mach-bf537/boards/stamp.c	MissingDead
0	v2.6.37	v2.6.37	arch/blackfin/mach-bf537/boards/stamp.c	MissingDead
0	v2.6.37	v2.6.37	arch/blackfin/mach-bf537/boards/stamp.c	MissingDead
0	v3.3	v3.3	arch/blackfin/mach-bf537/boards/dnp5370.c	MissingDead
0	v3.3	v3.3	arch/blackfin/mach-bf537/boards/dnp5370.c	MissingDead
0	v2.6.38	v2.6.38	arch/blackfin/kernel/kgdb.c	MissingDead
0	v2.6.37	v2.6.37	arch/blackfin/mach-bf537/boards/stamp.c	MissingDead
0	v2.6.37	v2.6.37	arch/blackfin/mach-bf537/boards/stamp.c	MissingDead
0	v2.6.37	v2.6.37	arch/blackfin/mach-bf537/boards/stamp.c	MissingDead
0	v2.6.37	v2.6.37	arch/blackfin/mach-bf537/boards/stamp.c	MissingDead
0	v2.6.37	v2.6.37	arch/blackfin/mach-bf537/boards/stamp.c	MissingDead
0	v3.6	v3.6	arch/arm/mach-omap1/include/mach/usb.h	MissingDead
0	v2.6.37	v2.6.37	arch/blackfin/mach-bf537/boards/stamp.c	MissingDead
0	v2.6.38	v2.6.38	arch/blackfin/kernel/kgdb.c	MissingDead
0	v2.6.38	v2.6.38	arch/blackfin/kernel/kgdb.c	MissingDead
0	v2.6.38	v2.6.38	arch/blackfin/kernel/kgdb.c	MissingDead
0	v2.6.38	v2.6.38	arch/m68knommu/platform/527x/config.c	MissingDead
0	v2.6.37	v2.6.37	arch/blackfin/mach-bf537/boards/stamp.c	MissingDead
0	v3.6	v3.6	drivers/net/wireless/iwlwifi/pcie/drv.c	MissingDead
0	v2.6.38	v2.6.38	arch/m68knommu/platform/527x/config.c	MissingDead
0	v2.6.37	v2.6.37	arch/blackfin/mach-bf537/boards/stamp.c	MissingDead
0	v2.6.37	v2.6.37	arch/blackfin/mach-bf537/boards/stamp.c	MissingDead
0	v2.6.37	v2.6.37	arch/blackfin/mach-bf537/boards/stamp.c	MissingDead
0	v2.6.37	v2.6.37	arch/blackfin/mach-bf537/boards/stamp.c	MissingDead
0	v2.6.37	v2.6.37	arch/blackfin/mach-bf537/boards/stamp.c	MissingDead
0	v2.6.37	v2.6.37	arch/blackfin/mach-bf537/boards/stamp.c	MissingDead
0	v2.6.37	v2.6.37	arch/blackfin/mach-bf537/boards/stamp.c	MissingDead
0	v2.6.37	v2.6.37	arch/blackfin/mach-bf537/boards/stamp.c	MissingDead
0	v2.6.37	v2.6.37	arch/blackfin/mach-bf537/boards/stamp.c	MissingDead
0	v2.6.37	v2.6.37	arch/blackfin/mach-bf537/boards/stamp.c	MissingDead
0	v3.6	v3.6	drivers/net/wireless/iwlwifi/pcie/rx.c	MissingDead
0	v2.6.37	v2.6.37	arch/blackfin/mach-bf537/boards/stamp.c	MissingDead
0	v2.6.37	v2.6.37	arch/blackfin/mach-bf537/boards/stamp.c	MissingDead
0	v2.6.37	v2.6.37	arch/blackfin/mach-bf537/boards/stamp.c	MissingDead
0	v2.6.37	v2.6.37	arch/blackfin/mach-bf537/boards/stamp.c	MissingDead
0	v2.6.37	v2.6.37	arch/blackfin/mach-bf537/boards/stamp.c	MissingDead
0	v2.6.37	v2.6.37	arch/blackfin/mach-bf537/boards/stamp.c	MissingDead
0	v2.6.37	v2.6.37	arch/blackfin/mach-bf537/boards/stamp.c	MissingDead
0	v2.6.37	v2.6.37	arch/blackfin/mach-bf537/boards/stamp.c	MissingDead
0	v2.6.37	v2.6.37	arch/blackfin/mach-bf537/boards/stamp.c	MissingDead
0	v2.6.37	v2.6.37	arch/blackfin/mach-bf537/boards/stamp.c	MissingDead
0	v2.6.38	v2.6.38	drivers/tty/serial/vt8500_serial.c	MissingDead
0	v2.6.38	v2.6.38	drivers/tty/serial/vt8500_serial.c	MissingDead
0	v2.6.38	v2.6.38	drivers/tty/serial/vt8500_serial.c	MissingDead
0	v2.6.38	v2.6.38	kernel/irq/irqdesc.c	MissingDead
0	v2.6.39	v2.6.39	drivers/staging/zcache/zcache.c	MissingDead
0	v2.6.39	v2.6.39	drivers/staging/zcache/zcache.c	MissingDead
0	v2.6.39	v2.6.39	drivers/staging/zcache/zcache.c	MissingDead
0	v2.6.39	v2.6.39	drivers/staging/zcache/zcache.c	MissingDead
0	v3.0	v3.0	drivers/usb/renesas_usbhs/mod.h	MissingDead
0	v3.6	v3.6	arch/arm/mach-omap1/usb.c	MissingDead
0	v3.1	v3.1	arch/arm/mach-pxa/gumstix.c	MissingDead
0	v3.1	v3.1	arch/arm/mach-at91/at91rm9200_devices.c	MissingDead
0	v3.1	v3.1	arch/arm/mach-at91/at91sam9260_devices.c	MissingDead
0	v3.1	v3.1	arch/arm/mach-at91/at91sam9261_devices.c	MissingDead
0	v3.1	v3.1	arch/powerpc/kernel/idle_e500.S	MissingDead
0	v3.1	v3.1	fs/xfs/xfs_buf.c	MissingDead
0	v3.2	v3.2	arch/mips/txx9/rbtx4939/setup.c	MissingDead
0	v3.2	v3.2	arch/mips/txx9/generic/setup_tx4939.c	MissingDead
0	v3.2	v3.2	arch/powerpc/platforms/wsp/wsp_pci.c	MissingDead
0	v3.6	v3.6	drivers/net/wireless/iwlwifi/pcie/rx.c	MissingDead
0	v3.2	v3.2	drivers/tty/serial/bfin_uart.c	MissingDead
